ID,delta_r,
ABAROL,0.533439,
EFOJIT,1.538898,
EFURII,1.496415,
EGAKUS,3.675459,
EGAQEI,2.903566,
EGIGAC,3.181766,
EGIHOT,3.580022,
EGILIP,2.754702,
EGIWAT,1.410513,
EGUDAO,6.733635,
EGUQIJ,2.040166,
ALAYOB,1.614258,
EGUTIK,2.887862,
EGUYAH,4.460695,
EHALUU,0.003104,
EHELIO,2.280824,
EHELOU,2.814501,
EHEREQ,2.580018,
EHESEQ,2.740286,
EHITEU,1.999622,
EHIVAT,3.216490,
EHMOHN,0.800799,
ALOSUR,4.246053,
EHOMOF,5.711203,
EHUPUT,0.002763,
EHUQOP,4.121485,
EJAHED,3.117235,
EJECUT,3.577615,
EJEFAA,0.951726,
EJEHIM,2.741714,
EJEMIR,2.858547,
EJINES,2.678802,
EJIVEY,3.207294,
ALUHOG,0.557465,
EJOBAH,3.000652,
EKAGOO,2.396726,
EKAVIV,0.612699,
EKAWIW,0.870892,
EKOMIA,0.924084,
EKOSOO,0.512369,
EKOZOV,1.246063,
EKOZUZ,0.742165,
EKUKEB,3.194512,
EKUNED,1.529088,
ALUSUX,1.811792,
EKUNIH,1.511185,
ELIHAI,3.427393,
ELIJAK,2.793925,
ELOCIR03,1.202659,
ELUCIX,2.015177,
ELUPAE,3.235700,
ELUPOS,3.262690,
EMALEL02,2.749702,
EMAVUK,3.577686,
EMEVEY,2.906046,
AMBNZA04,3.510657,
EMIGIQ,1.557449,
EMIMEU,3.019130,
EMITOJ,0.021552,
EMOHIY,1.276461,
EMUCEU,2.265835,
EMUYUH,3.392686,
ENANEM,1.119033,
ENIKAO,2.417805,
ENITUQ,4.063350,
ENOFAP,1.036781,
AMCAPR01,0.615489,
EPANUF,0.699893,
EPIQUQ,3.483154,
EPIRIF,3.184993,
EPIZAF,1.995984,
EPYHAT,0.000000,
EQAGEJ,3.636864,
EQANAM,4.216960,
EQENAR,3.367417,
EQEQIC,1.646567,
EQIJOF,1.841145,
AMEBOJ,3.736382,
EQOKEC,1.515146,
EQOKIG,1.474364,
EQOKUS,1.458739,
EQOPIJ,1.109710,
EQUCAW,2.794820,
EREGUF,6.309899,
ERENUK,4.000171,
ERIRUT,3.498341,
ERIVEH,5.341926,
EROCET,1.242360,
AMEFIJ,5.954915,
ERODAR,5.597235,
EROTUB,2.151864,
EROXOZ,2.064573,
EROXUE,3.847575,
EROZUG,2.758834,
ERUBAV,3.981680,
ESEDEM,0.734133,
ESIWUZ,2.227673,
ESOFAV,1.256173,
ESOVEP,3.348108,
AMEMUB,1.412473,
ESOZIV,1.847372,
ESUMIQ,0.000000,
ETEWOP,1.810132,
ETIMUP,2.687074,
ETINEA,2.672799,
ETINIE,3.200608,
ETIPEC,0.000008,
ETITOQ,2.943779,
ETUWOF,5.021806,
ETUZIC,1.428322,
AMEPAC01,4.626556,
ACEFUM,2.613207,
EVALIX,2.011349,
EVAQAT,0.815546,
EVAYAC,6.010109,
EVAYEG,2.454162,
EVEBOW,2.181791,
EVEKIA,3.418278,
EVESOO,3.348569,
EVESUU,3.374644,
EVIBER,1.495063,
EVIFAR,4.126872,
AMEPEP,1.753578,
EVIFEU,5.043960,
EVIJID,2.356021,
EVOPAH,2.485555,
EVOQOV,1.991296,
EVUBAA,1.875180,
EVUBOO,1.537606,
EVUCAB,1.706958,
EWACIP,1.864852,
EWAFOZ,2.049692,
EWIDOD,1.206075,
AMEPOS,1.212635,
EWIDUJ,1.213619,
EWIFAR,1.861810,
EWIREJ,2.191909,
EWOFIG,1.695439,
EWUVAU,1.070281,
EWUYUR,1.295141,
EXAKIY,2.017655,
EXAMUN,7.109047,
EXIYOA,3.802650,
EXOPUD,3.361825,
AMETSL01,2.961874,
EXUFEI,1.592714,
EXUHIP,0.662550,
EXUZUS,2.501199,
EXVPOS,2.070262,
EYACOY,2.310146,
EYAVUW,2.603474,
EYECES,10.505898,
EYEKEY,4.325982,
EYEPIJ,1.089003,
EYERUX,3.896245,
AMEXUN,1.134610,
EYESEI,1.739316,
EYEZEP,0.707287,
EYEZIT,1.483395,
EYIBIZ,6.756800,
EYIDIA,4.460480,
EYIGOK,1.393720,
EYIGUQ,1.773768,
EYIVAJ,2.424838,
EYORAM,3.506019,
EYOREQ,3.432541,
AMTPYD,1.701828,
EYORIU,3.419163,
EYOWAR,3.231146,
EYUJIS,0.267990,
EZAGAP,3.964596,
EZAGIX,2.710382,
EZAKAS,2.411147,
EZARUU,1.689761,
EZASAB,1.856160,
EZASEF,2.391022,
EZISUB,2.221849,
ANAPOW,2.332424,
EZITAI,0.000000,
EZITEM,2.743929,
EZITIQ,2.713151,
EZUHIS,2.888344,
EZUKER,2.489070,
EZUKOB,0.704577,
EZUYUU,2.793785,
FABDIY,3.726158,
FABLAY,3.560730,
FABLEC,2.503225,
ANIHUC,1.215362,
FABTEI,3.730284,
FABXUB10,7.183713,
FACNAA,1.524808,
FADBIW,3.052986,
FADFAS,1.552630,
FAFDAU,3.055120,
FAFNOR,2.182535,
FAFQAE,0.709415,
FAFXAO,3.980215,
FAGGAY,6.053395,
ANISAC,3.763271,
FAGGIE,3.365313,
FAGQOV,
FAGSEO,3.569179,
FAHQOU,3.326331,
FAHWOC,4.447076,
FAHWUI,3.889573,
FAJMUB,2.195405,
FAJNAI,1.685660,
FAJTIT,1.984999,
FAJWEU,3.038585,
ANOWAD,3.456334,
FALPAJ,3.541091,
FALZEX01,2.103710,
FAMJIO,4.718314,
FAMJOU,4.702083,
FAPMUF,1.269492,
FAQFIN,1.626662,
FARGEN,2.080929,
FARGUD,3.828763,
FARHAK,0.460166,
FARHEO,3.031806,
ANPHAC,2.454273,
ACEVUA,3.189351,
FARPOF01,0.219450,
FASKOA,2.354364,
FATBEJ,2.714187,
FATDAI,2.773041,
FATYEG,0.587247,
FAVPAT,0.458546,
FAWFER,1.902534,
FAWJAP,3.296515,
FAWJET,3.386415,
FAWJUL,0.940371,
ANUHOI01,0.619360,
FAYYAH,1.387110,
FAYZIO,3.697075,
FAZGOC,2.860233,
FAZJAR,0.299670,
FAZWAF,3.830663,
FBPIPA,2.263677,
FECGOL,5.148683,
FECGUR,2.698913,
FECHAY01,6.094793,
FECQOU,2.353851,
APAGAB,3.727826,
FEDPAF,2.887883,
FEDXAO,1.620941,
FEFJEH,1.639821,
FEFNOW,4.066807,
FEFNUC,2.748258,
FEFPEO,3.979785,
FEFREP03,2.312429,
FEFXUL,3.320360,
FEGBEZ,4.060606,
FEGSIW,1.568967,
APALEK,0.000032,
FEGSOC,1.765624,
FEGYOF,2.304214,
FEHLOV,4.548715,
FEHRAM,0.268259,
FEHYIA,2.707719,
FEJMUE,2.783036,
FEKPOD,5.417664,
FEKSIX,5.054960,
FELHEJ,1.165188,
FELKIT,2.921002,
APEMUF,2.184235,
FEMKUF,3.165812,
FEMLAM,3.226110,
FEMLIU,3.125171,
FEMTIC,2.230807,
FEMVIC,0.186776,
FENREV,0.677515,
FENTOH,1.054369,
FENYIG,1.297553,
FENZUU,1.583341,
FEPXIJ,3.081027,
APIXAA,2.435267,
FEPXOP,2.167580,
FEPXUV,3.433008,
FEPZOR,1.136645,
FEPZUX,4.008416,
FEQBEK,3.114734,
FEQQUQ,1.354807,
FEQTAX,4.502708,
FEQWII,0.000000,
FERBUB,0.336618,
FERCEM,0.381517,
APODIT,4.514243,
FERCIQ,0.690574,
FERCOW,0.732821,
FESVUV,0.685010,
FESYIN,3.370581,
FETNOI,1.095429,
FETQOM,2.767490,
FETQUS,2.995173,
FETROM,1.101964,
FEVVOU,1.985017,
FEVXOT,2.514295,
APSMCB,6.911612,
FEVXOW,0.528703,
FEWBEO,2.877549,
FEWBUH,1.624850,
FEWQIK,4.937442,
FEXDET,2.496792,
FEXJUP,0.857769,
FEYBAO,1.621436,
FEZCOF,1.631071,
FHFPBY,2.023301,
FIBHAC,2.926430,
APUSAF01,2.300585,
FIBVOC,0.686600,
FICTER01,1.402308,
FIDDEE,0.000948,
FIFCIJ,2.004270,
FIFHAD,6.423017,
FIFKUA,2.904518,
FIFNEN,0.034298,
FIFTAS,1.901422,
FIGPET,4.426131,
FIGPIX,4.183706,
AQINUL,4.036906,
FIGPUJ,4.420928,
FIGQAQ,3.476367,
FIGREV,0.289341,
FIGSOD,5.015805,
FIJJUD,2.230513,
FIJWIE,4.178182,
FILHAM,2.482000,
FILPAT,0.816315,
FILXON,1.474611,
FIMBAG,2.934310,
AQIPUN,3.519945,
ACEWAH,2.181184,
FIMHEO,2.701729,
FIMLOF,0.038461,
FIMREZ,6.460887,
FINSIH,1.778369,
FIPHOC,2.295752,
FIPLUL,2.726035,
FIPMEW,2.999732,
FIPMIA,2.924684,
FIPMOG,2.388078,
FIQBIR,0.342678,
AQITAX,2.659714,
FIQBUD,0.196366,
FIQKOH,0.947525,
FISZEP,4.273834,
FIVPEI,3.869099,
FIWBIY,0.639361,
FIXKEE,3.200335,
FIXTIP,1.243494,
FIXYIU,2.982041,
FIZNOR,1.549189,
FLOCOS,1.884130,
AQONAX,2.326207,
FOBVEY,3.534393,
FODXUR,4.790131,
FOFDEK,3.784041,
FOFNUL,2.732097,
FOFQIA,0.481336,
FOFVUU,1.988778,
FOFWOP,2.476004,
FOHBUC,3.531367,
FOHHUF,0.583250,
FOHJAQ,3.784041,
AQOVUZ,3.749418,
FOHMEX,3.679286,
FOHMIB,4.148621,
FOHMOH,3.475317,
FOHNEV,0.515561,
FOJBAK,4.398391,
FOJCUF,7.082917,
FOJFEQ,1.566250,
FOJLOI,1.663509,
FOJSED,1.472229,
FOKKIC,3.414659,
AQOWAG,4.113916,
FOKLAV,3.449023,
FOLDOC,3.269148,
FOLFUJ,2.945229,
FOLKOI,3.315379,
FOMVUZ,2.689156,
FOMYUC,3.748238,
FONGOF,3.786842,
FONGOG,3.558262,
FONGUL,4.330468,
FONVEM,1.975407,
ARACYP,4.546942,
FONVIQ,3.118575,
FOQJEC01,2.394055,
FOQQOT,7.561004,
FOQZUJ,1.663839,
FOVMIP,3.812636,
FOVSUF,2.151937,
FOVVAQ,1.394391,
FOWFOP,4.423406,
FOWFUV,7.224491,
FOWGAC,6.925848,
ARATAP,1.954173,
FOWQOZ,3.220828,
FOWSOC,2.574904,
FOXDON,1.865405,
FOXXAU,2.387196,
FOYNOY,0.004202,
FOZHUZ,0.844064,
FOZQEQ,4.172524,
FOZQIU,0.371759,
FOZQOA,0.404388,
FOZZUP,0.763745,
AREGIP,0.000000,
FPBUTP,5.806621,
FPMPHI10,2.416918,
FROPYR,2.976590,
FUBGUG,3.199746,
FUBLEV,2.139772,
FUBQUQ,0.768338,
FUDDIR,2.157130,
FUDRAZ,1.395516,
FUFYEK,1.176511,
FUGLAX,1.119517,
AREGOV,0.000000,
FUGNIG,1.768865,
FUGTAD,2.642039,
FUGVUY,2.481309,
FUGWUA,4.796951,
FUGZOX,2.895958,
FUHCIV,0.199148,
FUHJOI,7.760396,
FUHTEK,8.934078,
FUHTOU,7.927512,
FULCEU,2.605217,
AREROF,2.054558,
FULGUQ,3.524736,
FULHAX,3.405296,
FULRAG,2.945426,
FUMKEE,1.888504,
FUMLAD,0.010072,
FUMLEH,1.126652,
FUMPUB,1.910174,
FUMTAI,0.762369,
FUMVIV,1.195479,
FUMWUH,3.647570,
ARETOI,2.602435,
ACICEU,2.112285,
FUPJOP,0.249659,
FUPMIM,2.274893,
FUQCAX,2.135176,
FUQHAA,1.597209,
FUQPUF,2.158329,
FURMEN,0.001810,
FURVIZ,4.117721,
FUSRET,5.396292,
FUSVEW,0.687735,
FUTCIJ,4.580227,
ARETUO,2.532757,
FUTCOP,4.566490,
FUTHUA,0.101678,
FUTJAI,0.128117,
FUVYAW,3.856215,
FUXPUM,2.728475,
FUYMUI,1.348510,
FXBPOL,2.056592,
GABGIB,2.877821,
GABGUN,2.848311,
GABJUP,1.293343,
ARIGOZ,2.244555,
GABOBU10,1.031055,
GACHIE,2.084050,
GACHUQ,2.272876,
GACJAY,2.688862,
GACJUQ,0.705135,
GACPEI,1.542184,
GACXEN10,4.040995,
GADBOF,3.194977,
GADDIY,3.386444,
GADGUO,4.284633,
AROLOI,1.603303,
GADPAD,1.809653,
GADSUC,4.551093,
GADTAJ,4.424335,
GADTUC,2.195179,
GADVIR,3.167657,
GADWIS,1.889963,
GAFYES,0.125236,
GAJMAH,2.198427,
GAMMIR,3.650311,
GAMNEO,4.816252,
ARUMUX,2.689224,
GAPHEM,
GAPKOZ,4.493322,
GAQHEN,2.644472,
GASKIU,1.667048,
GATFOY,0.393373,
GATFUE,1.450817,
GATGEP,0.395919,
GATHOA,1.975583,
GATKUH,3.223661,
GATZUX,1.589417,
ARUNAE,3.503568,
GAVJET,2.233837,
GAVKIY,3.563973,
GAVYIL,2.054982,
GAWGAN,1.595592,
GAWRIF,0.000000,
GAXKIC,2.280576,
GAXLEZ,2.987367,
GAXQUU,3.309229,
GAZCIT,2.413453,
GAZCIV,2.017392,
ARUNEI,1.799036,
GAZWIP,3.633937,
GEBPOU,1.137644,
GEBTEO,0.043987,
GEBTIS,0.000000,
GECGIG,0.000000,
GECWUJ,2.249595,
GECXIX,2.485363,
GECXUJ,1.237944,
GECYEU,1.805530,
GEDWAN,1.466377,
ARUNIM,2.661798,
GEDZEU,1.373100,
GEFBAW,3.024968,
GEFTOC,4.429132,
GEGLAF,0.004970,
GEHKOT,4.083483,
GEHRIU,3.756040,
GEHWUN,1.120215,
GEHXAU,1.068683,
GEJCEG,3.539908,
GEJDIJ,3.313017,
ASAGAE,3.265561,
GEJDOP,2.095409,
GEJQOE,3.729819,
GEKHAG,1.402063,
GELBUW,6.655280,
GELKUG,2.151368,
GELNOD,3.315164,
GEMDAG,4.563155,
GEMYUS,0.963344,
GENJIS,2.646953,
GENJUH,1.692547,
ASAGEG,2.315890,
GENTUP,3.576420,
GEPFAL,5.146485,
GEPFUD,2.813337,
GEPPEW,3.138863,
GEPREZ,1.864971,
GEQJOB,2.966719,
GEQZOR,0.555113,
GERBAJ,1.871892,
GERNUP,2.042159,
GERPAX,1.681173,
ASAGEI,3.817990,
ACIVIS,3.285116,
GESDAK,1.830594,
GESHOC,2.949866,
GESMEX,3.154148,
GESTEE,1.446703,
GESTOQ,0.774336,
GETHES,2.007553,
GETJOE,0.000000,
GEXGIZ,3.839389,
GEYHIB,0.194710,
GEYHUN,0.250110,
ASAGIM,3.791100,
GEYQIN,3.465431,
GEZSAH,4.772651,
GIBVIX,2.152605,
GICLIQ,2.039613,
GIDDAY,1.528653,
GIDHEG,2.759477,
GIDLIR,2.533258,
GIDVUN,2.831940,
GIDZEB,1.632552,
GIDZIF,2.145406,
ASAPAN,3.526020,
GIFLUE,2.166072,
GIGKUF,0.935551,
GIGPET,0.000125,
GIGVOJ,2.517835,
GIHBAC,4.793922,
GIHBEG,3.966751,
GIHMIV,4.214666,
GIJLES,0.943033,
GIKBOU,2.922837,
GIKBUA,4.386517,
ASAROD,3.227694,
GIKGAJ,3.295301,
GIKHIT,0.568991,
GIKNAR,2.514394,
GIKNIZ,1.213117,
GILXIK,2.506770,
GILYIK,2.662439,
GIMCEK,1.055292,
GIMDEO,1.736272,
GIMXAD,2.723478,
GINHUH,1.434212,
ASASEU,2.284465,
GINPIE,3.376696,
GINQAX,3.551367,
GINTOO,1.709303,
GINXIM,2.606278,
GINXUY,0.797969,
GINYAF,1.876448,
GIPBIS,2.352654,
GIPCIT,2.538870,
GIPFOC,2.920553,
GIQRUT,4.543945,
ASASIY,4.412685,
GISBIU,3.215171,
GISFAS,2.205417,
GISFEW,3.233982,
GISFIA,2.138127,
GISTIL,4.737636,
GITGEY,4.542638,
GITJIE,3.051290,
GITLUR,1.711392,
GITPEF,3.113830,
GITVEN,1.116702,
ASEJAJ,5.645881,
GITVIO,1.261522,
GITWEO,6.351059,
GIVCIA,2.151386,
GIVDUK,4.308530,
GIVQAE,2.331721,
GIVQEI,2.425662,
GIWBOD,0.318738,
GIWBUJ,0.229388,
GIXNUW,1.722469,
GIXXIV,3.659932,
ASELOA,1.167876,
GIZCOI,3.745247,
GIZMIN,2.534573,
GIZZEX,0.269728,
GLCILI,5.355833,
GLHPRA,1.898922,
GLLASP,1.553279,
GLUGLY,2.095483,
GLYTAU,5.125395,
GOBJUD,1.910446,
GOBKOA,2.279383,
ASIHEP,2.319518,
GOBLOZ,0.000010,
GOBVUP,0.000000,
GODVUT,2.066858,
GODWAA,2.490126,
GOFFIS,2.121592,
GOFHAN,2.665835,
GOFREZ,0.554871,
GOFZOS,3.974327,
GOGQAU,2.638324,
GOHJUJ,2.335663,
ASIHIT,2.445703,
GOHKUJ,0.182498,
GOHRUR,4.925374,
GOJBOZ,2.670821,
GOJCIR,0.718051,
GOJVOR,2.162810,
GOJZAG10,1.653850,
GOKHOD,0.003252,
GOKKAT01,3.185639,
GOLFET,3.433559,
GOLGOG,2.661417,
ASIHOZ,2.769583,
ACIWOZ,3.308755,
GOLGUM,2.752176,
GOLHAT,2.922210,
GOMBUG,3.230103,
GOMCIV,3.408884,
GOMFUM,3.568461,
GOMMED,2.317773,
GOMTOU,2.646462,
GOMWIP02,2.255230,
GONHOJ,3.329485,
GONKUR,5.910158,
ASILIY,1.704935,
GONLON,2.322159,
GONZER,3.066519,
GOQBAP,5.318732,
GOQNIM,4.451224,
GOQSIO,0.112789,
GOQVEP,3.782757,
GORBUN,1.816509,
GORPOV,4.962161,
GOSVEP,0.637447,
GOSYAR,1.623290,
ASILOE,1.707068,
GOTRIQ,1.569191,
GOVNOX,4.090508,
GOVNUD,3.831923,
GOVPAL,3.958161,
GOWNUE,5.342524,
GOWZAV,0.677110,
GOWZEX,1.759675,
GOXWAU,2.673269,
GOXWEY,2.621262,
GOYZOJ,1.498390,
ASIMAR,1.558478,
GUBVOQ,1.874623,
GUCGUI,2.069449,
GUCHIX,2.150281,
GUCWEJ,1.708607,
GUDCOZ,2.272338,
GUDJUL,1.756865,
GUDKAS,1.696286,
GUDMOI,2.238833,
GUDMUO,2.288624,
GUDNAV,2.455968,
ASOPEF,0.059757,
GUFXIO,5.450170,
GUGBOC,2.841874,
GUGHOH,1.725464,
GUHHEW,0.807441,
GUJBOE,2.087195,
GUJBUK,1.428769,
GUJPIK,2.508415,
GUJZAM,0.437383,
GUJZEQ,0.182570,
GUKRIQ,7.922599,
ASOQII,3.614785,
GUKVUD,2.224196,
GUNDID,0.499103,
GUNXAO,3.643718,
GUPNUA,4.130805,
GUPVET,3.163704,
GUQTET,3.089349,
GURHAE,1.229607,
GUVCIM,4.490445,
GUVCOS,3.549655,
GUWBOP,1.501590,
ASORAB,4.821584,
GUXJEP,0.047127,
GUYGAL,1.476108,
GUYVEC,2.913329,
GUZXOP,4.586226,
GUZXUV,0.694870,
HABJUQ,2.838807,
HACZOB,4.107384,
HADHEA,4.216140,
HADHOK,4.626702,
HAFNAG,4.919922,
ASOSOR,6.670217,
HAFNUA,6.926646,
HAGFUR,1.205001,
HAGGAY,1.197171,
HAGMEK,3.822892,
HAGMUA,4.421086,
HAHJIJ,1.614611,
HAHXAR,0.410445,
HAJBEB,1.540186,
HAJMUA,3.130793,
HAKBOM,2.404484,
ATEQIZ,1.354849,
HAKPAL,0.351179,
HAKSES,0.035532,
HAKSIW,0.004080,
HAKSOC,0.006409,
HALBAA,1.063808,
HALDOL02,2.025821,
HALFEH,0.185681,
HALQAO,5.342025,
HALQES,1.346977,
HALSIX,0.851990,
ATIWEF,4.660783,
HAMKAJ,3.352284,
HATHAO,2.387389,
HATPIC,2.595993,
HATPOI,3.391384,
HATXOP,4.378261,
HAVFAO,0.713146,
HAVYAE,0.001428,
HAVYEI,0.000000,
HAXHAQ,4.108577,
HAXHUJ,4.106833,
AVAGUA,0.508569,
ACOQIS,1.987702,
HAZMAX,3.041401,
HCYSAC,5.339186,
HDXMOR,1.847435,
HEBKEF,2.483304,
HEBQAJ,2.433568,
HECLIK,1.885866,
HECMIL,1.581765,
HECRAI,6.020283,
HEFGOR,2.036266,
HEFGUX,2.109627,
AVALAK,1.785084,
HEGHEH,1.185875,
HEJJEO,4.854868,
HEMWOL,2.468292,
HEMXIH,3.012997,
HENPEY,3.394777,
HEPHAO,1.605837,
HEPOPH02,0.000000,
HEPTUS,5.399606,
HEPVAA,5.591865,
HEQKUM,1.580530,
AVAMER,3.323701,
HERVAE,1.445508,
HESFOB,2.505826,
HESLAT,3.522750,
HESQUS,0.718502,
HETAUR20,5.362085,
HETDIU01,3.624718,
HETGOF,3.105943,
HETVIO,1.510307,
HEVMIE,2.355752,
HEVZAJ,0.012018,
AVAPAQ,5.571291,
HEWMAY,2.109389,
HEWNIJ,2.335328,
HEXBIX,3.829344,
HEXJEA,4.182211,
HEXWIR,0.000000,
HEYROS,2.471618,
HEZRUZ,3.664576,
HEZYUJ,4.169756,
HIBZEZ,1.179618,
HICRUI,1.328144,
AVAPEU,3.802741,
HIDDEG,2.245285,
HIDXIB,1.756222,
HIFJOY,4.490801,
HIFJUE,4.983406,
HIFKAL,4.724122,
HIFQIY,1.626241,
HIFSIY,0.410665,
HIGCEF,2.073247,
HIGCIJ,3.481330,
HIGDAC,4.201474,
AVEGOX,0.956354,
HIGWUQ,1.599539,
HIGXAX,1.668108,
HIJBEK,2.257082,
HIJRIE,1.760510,
HIJROH,1.160578,
HIKQAT,1.957296,
HILPUP,3.413292,
HILSIH,3.717069,
HIMQIE,0.000496,
HIMTOM,5.862569,
AVEHAK,1.198083,
HINCUF,1.051681,
HINKOH,2.011406,
HIRJIC,3.711982,
HISCAO,1.385752,
HISDUJ,3.343027,
HISFIZ,2.942617,
HISMOM,1.076738,
HISNAB,3.572405,
HISTEL,1.543988,
HISZIV,1.002888,
AVITEE,1.872753,
HITSEL,1.236805,
HITSUB,2.066585,
HITTOU,0.000006,
HITTUA,0.000000,
HITVAI,0.000000,
HIVDIB,1.121050,
HIVMEF,1.969045,
HIVMIJ,0.050811,
HIVVIU,1.492677,
HIWZOC,3.024609,
AVOMOP,0.287860,
HIYBOJ,6.559675,
HIYKEH,0.000000,
HIYKOP01,3.613329,
HIZHUU,4.484114,
HMEASP,1.119680,
HMPXPO,2.060676,
HMPYQT,1.462643,
HMSPIO,2.851049,
HOBMIU,0.126986,
HOBXEB,0.938697,
AVONOQ,2.433742,
HOCFIR,1.200436,
HOCGEL,
HOCKUG,0.002385,
HODDUA,4.298284,
HODHOY,2.338296,
HODZAD,1.445523,
HOFDUC,1.552724,
HOFFAL,2.517984,
HOFHIT,3.689230,
HOFHOB,0.775169,
AVONUW,2.337384,
ACROEY,3.518356,
HOFJAO,1.428019,
HOFLET,2.742677,
HOFNUM,4.428019,
HOFVED01,0.084879,
HOGBOW,0.949829,
HOGYAF,4.409084,
HOHWIK,1.665457,
HOJCEQ,9.452181,
HOJFES,0.607586,
HOJFIW,0.530801,
AVUZEW,1.534075,
HOJFIY,0.752770,
HOJNID,0.281383,
HOJVIO,0.816804,
HOJWAH,0.906098,
HOKGAS,0.832844,
HOKGEW,1.476340,
HOKGIA,0.671468,
HOKKIC,3.436563,
HOLGEV,1.136460,
HOLGOF,0.451351,
AWABOQ,3.090293,
HOLXAJ,2.199843,
HOMCIX,1.307221,
HOMCUI,3.546891,
HOMDUI,2.254680,
HOMYEQ,2.903326,
HONFIA,2.619874,
HONKAZ,6.099689,
HONKED,10.809366,
HONKIH,10.826494,
HONKON,10.954704,
AWEFOX,1.068845,
HONSIO,1.200905,
HONTIN,4.688374,
HONXUG,5.564663,
HOPBEV,2.277152,
HOQZIZ,1.376652,
HORBEX,1.986087,
HORMOS,4.140477,
HOSWAQ,2.564683,
HOSWOE,1.723103,
HOTNEK,3.666191,
AWEFUD,1.363094,
HOTSEQ,4.083298,
HOVFAC,0.766679,
HOVFIK,2.324672,
HOVGUU,1.673287,
HOWJAH,0.823769,
HOWPAK,0.476033,
HOWPEO,1.307759,
HOXDUV,2.622009,
HOYGIL,4.714570,
HOZSUK,0.446604,
AWEMOF,2.561948,
HOZYUT,2.001218,
HPCBDP10,0.319117,
HRBMCN,2.131354,
HTPSTP,2.728786,
HUBVUV,5.054040,
HUDDAN,2.661229,
HUDVOS,0.377689,
HUDZAJ,2.200640,
HUFLAX,1.149542,
HUFSAF,3.488666,
AWIKUN,2.900286,
HUFSEJ,3.491841,
HUFSIM,0.690240,
HUFSIN,5.728578,
HUFSOT,5.332618,
HUFSUY,1.645341,
HUFVAH,3.476692,
HUFVEL,3.564618,
HUFVIP,3.697384,
HUFVOV,3.877133,
HUFWEM,4.235328,
AWIVUX,2.241695,
HUGFOH,3.483393,
HUHJOM,2.283000,
HUHJUS,2.281610,
HUHKED,2.253959,
HUHKIH,2.251499,
HUJPEK,2.906500,
HUKBUL,1.253832,
HUKCUN,4.129229,
HUKQEL,4.237873,
HUKQIP,3.756109,
AWIWIO,3.945920,
HUKTEM,1.755433,
HULPEM,3.829538,
HUMLOR,0.000001,
HUNDEZ,3.041333,
HUNLEJ,3.373970,
HUPJOU,3.581718,
HUPWEX,1.608571,
HUQBEA,2.731497,
HUQLIR,3.171962,
HUQLOX,3.144478,
AWOLIJ,1.559666,
HUQPUG,0.761593,
HURMAK,3.113481,
HURXIE,0.742958,
HURXOH,1.781963,
HURXOK,0.953566,
HURXUQ,1.019813,
HUSCEF,3.413443,
HUSSAR,3.427229,
HUVDUY,5.675425,
HUWCUZ,2.354910,
AWUBID,2.819300,
ACUYAA,2.805746,
HUWYEG,4.083825,
HUXFUB,1.491462,
HUXKOC,2.809170,
HUXLIX,2.521681,
HUXLOD,1.252512,
HUXLUJ,2.541667,
HUYTAY,4.028093,
HUZQIF,1.773500,
HXNIPA10,2.928024,
HYBZRN,1.570197,
AWUDON,1.631485,
HYFURN,0.428126,
IANTRQ,0.000000,
IBCAPT10,1.452506,
IBEMOU01,1.278780,
IBENAH,1.282157,
IBENEL,1.274036,
IBODOV,0.417779,
IBOZOO,2.791657,
IBUKIB,1.836600,
IBUSUV,6.450932,
AWUFOP,2.635623,
IBUTIK,1.902615,
ICAHEA,3.579313,
ICAHIE,0.000000,
ICAHUQ,3.726794,
ICECAU,1.377164,
ICEKOT,2.018742,
ICIFUY,6.009398,
ICILIP,1.955801,
ICILUB,0.056928,
ICIWIB,3.288434,
AWUKEJ,3.153733,
ICIWOH,3.312182,
IDAREN,2.348949,
IDAWUI,4.275079,
IDEBUR,1.672696,
IDEHEE,3.011960,
IDEYUN,2.492507,
IDIREU,3.858806,
IDIVEY,1.856530,
IDIVUN,3.860142,
IDIYOL,0.761843,
AWUQOZ,3.444502,
IDIYUS,2.074191,
IDIZOM,5.928871,
IDOCIP,3.964634,
IDOJOA,4.390425,
IDOKUI,4.715677,
IDOTAY,2.453546,
IDUTOT,0.000045,
IDUXAG,1.456170,
IDUXUA01,2.190059,
IFADID,3.696940,
AXABOR,3.493497,
IFAQAJ,1.651818,
IFASUF,4.793530,
IFECIG,4.438603,
IFECOM,4.031267,
IFIYUU,1.885001,
IFIZAB,2.060979,
IFOFIV,3.880586,
IFOFOB,3.857467,
IFOYAF,3.466780,
IFUHAS,0.035626,
AXAGAI,2.663946,
IFUKID,1.445714,
IFUKOJ,2.446629,
IFUKUP,2.748162,
IFULEA,2.581603,
IFULIE,3.672849,
IFUMAA,2.668888,
IFUPEH,2.236725,
IFURUX,2.386000,
IGAJEI,2.231191,
IGAJOS,2.053396,
AXALAN,2.366383,
IGATER,3.526308,
IGEVEY,3.254072,
IGEZUR,0.517250,
IGIBAD,0.187849,
IGIBEH,0.280701,
IGOLUN,3.366442,
IGOYAH,1.175296,
IGUDAS,6.663703,
IGUDEW,0.857008,
IHAMEJ,0.929455,
AXEBIQ,1.727380,
IHAZEX,0.000000,
IHEDIJ,0.225139,
IHUGUQ,0.001326,
IJAFEG,3.107588,
IJEHAH,0.816505,
IJEHIP,0.512354,
IJEHOV,1.225906,
IJELEQ,4.171847,
IJEMIV,0.272351,
IJEPUI,3.753404,
AXEDUC,2.215038,
IJICEL,0.750266,
IJOCUF,0.135524,
IJOKUN,1.754335,
IJOLAU,0.094416,
IJOXOV,1.366079,
IJUCIA,2.733037,
IJUCOG,3.091884,
IJUMAC,2.033079,
IJUREL,2.804037,
IJURIP,2.812971,
AXIJOI,3.626713,
ACUYII,1.885771,
ABAWAE,2.073900,
IJUWIU,3.545474,
IKIGOY,0.134584,
IKUQEK,0.000001,
IKUZET,2.881606,
ILEXAY,0.392877,
ILIXAE,0.635319,
ILOJAW,1.669229,
ILOYOY,4.398397,
ILOYUE,4.775029,
ILUBEY,4.706327,
AXOJED,2.856422,
IMANOB,3.257069,
IMANUH,3.196804,
IMDIAC01,0.700466,
IMEDEK,0.126469,
IMEZOP,1.401321,
IMOFUN,2.929141,
IMOJAV,4.145803,
IMOJEZ,4.969229,
INAPQU,1.181192,
INEJIV01,2.123999,
AXOJIH,2.093969,
INEJIW,3.417181,
INIDIU,1.034611,
INIRON,1.985115,
INISAA,0.393844,
INIVEI,3.259185,
INOHUO,1.669897,
INUCUQ,1.503386,
INUJUX,2.848746,
IOANTQ,2.781672,
IODOFO,0.097313,
AXUBOM,1.714227,
IONTRQ,2.928960,
IPCBMZ,2.649307,
IPCBTZ,1.056513,
IPILUO,0.048173,
IPMUDS,0.793815,
IPOCDN,0.843035,
IPOGOJ,0.254014,
IPOTOW,3.809402,
IPOVAM,2.005425,
IPTCTZ,1.067614,
AXURIW,3.326579,
IPTPTZ,1.084273,
IPUMUC,0.368519,
IPUVOG,1.092897,
IQACAG,1.870752,
IQADUB,4.941911,
IQATOL,3.461767,
IQAVAZ,4.287764,
IQAXII,3.446104,
IQEBAJ,0.571496,
IQELIB,2.952073,
AYUHOT,2.453776,
IQEXEI,1.653853,
IQIXIQ,1.205388,
IQOSIQ,4.106932,
IQUHOT,6.500153,
IQURUI,0.980896,
IREFIU,4.045005,
IROYAP,2.884026,
IRUCAB,2.945795,
IRUXAV,3.156442,
IRUXEZ,6.661645,
AYUTIY,2.841456,
IRUXID,2.238155,
ISABOU,3.003543,
ISIZEP,3.466055,
ISOTAL,1.735205,
ISOTEP,3.046777,
ITEZIQ,0.071696,
ITIQAD,0.507009,
ITIRIN,0.045571,
ITOBEA,3.176602,
ITOJOR,3.404217,
AYUTOE,2.593407,
ITUGIO,2.017542,
ITUMOA,2.148160,
ITUMUG,2.139975,
ITUNAN,2.355169,
ITUWEB,0.298550,
IVABIS,2.096432,
IVETAG,7.856376,
IVEWOV,4.140077,
IVIGAX,2.368991,
IVOLAG,2.841212,
AYUYEZ,2.582956,
IVUGEM,4.693526,
IVUJAM,1.153342,
IWANID,7.605720,
IWIGUR,0.927703,
IWOKIP,1.577584,
IWOKIQ,1.832977,
IWOKUB,0.005508,
IWOLEM,0.004155,
IWOXUP,2.486750,
IWUTID,1.643286,
AZADUB,3.342150,
IXAHOG,3.066572,
IXATUW,2.701717,
IXOWOI,5.003963,
IXOYIE,2.956454,
IXUDAG,0.180289,
IXUPOG,0.978570,
IYAYAJ,1.103399,
IYISOA,2.406188,
IYOCOO,0.258042,
IYOYEA,0.564771,
AZAFUE,1.199478,
ACUYOO,3.341378,
IYUYIL,0.718395,
IZALAX,1.387943,
IZALIF,2.258549,
IZAMIF,3.287792,
IZAPUV,0.000000,
IZAQAC,0.000007,
IZAWEL,1.806727,
IZOCOR01,5.409147,
IZODAE,4.663962,
JABBAS,5.690045,
AZANEU,1.212512,
JABDUL,2.306690,
JABFAW,1.759560,
JACCIZ,1.215899,
JACCOF,1.270135,
JADQAJ,2.657215,
JADZIB,1.215593,
JAGKUY,
JAGXUL,1.906197,
JAHXOF,4.684115,
JAQTOK,2.141604,
AZAZIM,5.602861,
JARPEA,2.017999,
JARPIE,0.025229,
JASNIB,2.219325,
JATGOB,1.634029,
JATWOT,3.593147,
JAXGOF,4.000854,
JAXSUX,1.129071,
JAYJOL,2.521541,
JAYQUV,0.000000,
JEBLOR,0.553401,
AZEREE,4.696585,
JEBNEK,1.518534,
JECSIT,1.652863,
JECSIW,2.902725,
JECTEQ,0.000000,
JECTUG,0.000000,
JECTUJ,1.477187,
JECWAS,2.418889,
JECYAZ,0.000002,
JEDTUH,2.754977,
JEFKUB,2.521940,
AZESAB,5.812417,
JEGBIG,0.000000,
JEGBOP,1.438244,
JEGSOD,2.859603,
JEHQET,0.514649,
JEJJAM,0.002883,
JEMHIS,4.474219,
JERKIB,1.465835,
JESDUH,3.677515,
JEVDIY,
JEVPIJ,1.219617,
AZESAZ,2.767056,
JEVPOP,0.803380,
JEVRAE,0.676357,
JEXTEM,3.097766,
JEZYOC,0.000002,
JIBCIG03,3.798172,
JIDFEH,1.230256,
JIFHUE,2.277050,
JIFROI,2.939601,
JIGDEI,4.404068,
JIGFOU,2.071545,
AZEXOU,2.821536,
JIHBUA,1.972108,
JIMFER,1.126751,
JIMFUH,1.128055,
JIMZUD,2.614918,
JINBIS,2.992582,
JINGEV,5.544018,
JINKEX,3.077049,
JINNOJ,2.536633,
JINNUP,2.967554,
JINWEI,3.825676,
AZITUA,1.798098,
JIPFEW,2.075955,
JIPMAW,3.210469,
JIRBOE,1.502665,
JIRCEV,3.848865,
JIRCOF,3.445809,
JIRGAV,2.101058,
JISXOZ,1.256164,
JISXUF,2.390878,
JISYAL,4.557664,
JITPEH,1.834446,
AZOSUE,3.757758,
JITQUB,2.887963,
JITWAK01,2.203966,
JITWIS,4.137464,
JIVNOU,3.873025,
JIVQIR,1.702352,
JIYHIJ,0.169261,
JIYHOP,0.293778,
JIYKAD,0.273675,
JIZXUM,4.532257,
JOCGAM,1.918758,
AZOSUL10,4.967816,
JODMIY,3.078064,
JODQAX,1.541642,
JOFLAR,3.003923,
JOFSIH,2.593822,
JOFSON,2.131775,
JOFSUS,0.024683,
JOFSUT,2.615281,
JOGCIU,2.446561,
JOGYOV,2.803120,
JOHJIB01,1.294366,
AZUHAG,5.367384,
ADDHMP,1.754971,
JOHMOL,3.490793,
JOJHEY,0.760630,
JOJVOT,2.085971,
JOKFUM,6.094663,
JOKNUU,4.057363,
JOLLUT,1.352998,
JOLMEE,2.989858,
JOLQUY,3.118622,
JOLWEO,2.363898,
JOMCIZ,3.927610,
AZULOP,0.000000,
JOMSIQ,1.259425,
JOMWEQ,2.960490,
JONJII,6.963035,
JONLEG,4.476320,
JONYES,2.326987,
JOPHOL,0.095943,
JOPSIS,3.424371,
JOQTUE,1.808759,
JOTNEO,0.381989,
JOTRAN,2.929721,
BABFOD,4.042712,
JOTRER,4.139839,
JOWVAU01,1.312455,
JOWVEY,1.364582,
JOXHIP,4.989640,
JOXVOK,3.278508,
JOYNIX,5.052027,
JOYZAB,3.299711,
JOYZEF,3.278653,
JOYZIJ,3.638212,
JOYZOP,5.280943,
BABHIV10,1.471199,
JOYZUV,5.526183,
JOZTUQ,3.542237,
JOZVIG,2.271390,
JOZVUS,2.823733,
JOZWUT,2.417162,
JOZYIG,4.463708,
JOZYIJ,8.982448,
JUBFOB01,2.420320,
JUDROP,1.134275,
JUDSOT,3.412716,
BABTEG,0.976515,
JUDVAH,0.000040,
JUFRUA,4.015452,
JUGRIP,2.002317,
JUGXIS,2.035732,
JUGXUE,1.878431,
JUHDIZ,0.856743,
JUHJOL,2.925003,
JUHKOM,2.937885,
JUHKUS,2.815490,
JUKLUY,1.609009,
BACCUD,4.569936,
JUKMOR,1.001725,
JUKPOW,5.695001,
JUKQUE,0.259370,
JULLUA,3.190388,
JULTOC,3.930927,
JUMDUS,1.884853,
JUMDUT,4.010676,
JUMFAB,4.047886,
JUMFEF,3.711856,
JUNBAX,0.726373,
BACNAW,1.053456,
JUNPIU,1.545847,
JUNQUE,3.605518,
JUPNOZ,2.034373,
JUPPAN,2.855780,
JUPROE,0.954822,
JUPSUL,1.918688,
JUPTEW,2.147480,
JUQMIU,3.953001,
JUTGIQ,2.339958,
JUTLUI,6.813940,
BACTAD,2.695316,
JUTMET,0.003763,
JUTRUO,5.606800,
JUVJUH,3.545872,
JUVKES,2.598713,
JUWYEI,2.273563,
KABFAX,4.740508,
KABGAY,3.737552,
KACPOW,3.743369,
KADJAD,2.379200,
KADWAQ,1.605153,
BACTIL,2.503298,
KAFZEZ,1.359150,
KAFZID,1.143954,
KAGBUR,2.841804,
KAGCAW,0.135807,
KAGXUO,3.321377,
KAHDIJ,2.057909,
KAHDOM,4.732172,
KAHDUS,1.523617,
KAHSET,2.823879,
KAHTUI,1.084408,
BADDES,2.612896,
KAJHIM,1.968162,
KALWUP,0.000065,
KAMCIK,2.086973,
KANJUH,0.537004,
KANZUX,2.902491,
KAPNIZ,0.002422,
KAQXAB,0.335377,
KARVIJ,2.093868,
KASHOB,2.342772,
KASJUK,2.864734,
BADKIC,0.667734,
ADEBER,0.142033,
KASZEJ,0.000000,
KATDIS,3.037926,
KATDIT,2.856736,
KATJIB,2.541406,
KATREF,3.929106,
KATSED,2.482453,
KAVNAX,2.380815,
KAVNEB,2.542325,
KAVSAE,3.771531,
KAXSUA,2.503185,
BADNEZ,0.437843,
KAXTAH,1.419568,
KAXVAJ,2.960805,
KAXYUG,2.684755,
KAYHOK,0.787023,
KAYHUQ,0.768012,
KAYNAC,2.684088,
KAYTIQ,2.001143,
KAYZUF01,0.858981,
KEBHIK02,2.131960,
KEBKOS,2.118460,
BAGXEO,4.981150,
KEBSER,2.203953,
KEBSUH,2.323681,
KEFJEM,2.192268,
KEFJIQ,2.633389,
KEFRIY,1.148129,
KEFROC,2.475896,
KEGROG,3.545947,
KEGZOM,3.358791,
KEJBEG,2.227099,
KEJBIK,2.025821,
BAJKOM,2.486401,
KEJFIQ,1.449962,
KEJPIA,4.794029,
KEKZAE,2.408765,
KELHOZ,1.070295,
KELMUM,2.046500,
KEMHUH,3.032290,
KENYOS,1.537329,
KEPKAT,1.383526,
KEQZOV,3.958209,
KERNAW,0.000000,
BAJKUS,3.230426,
KERPAZ,1.403102,
KERRIL,1.605006,
KERRUW,3.342466,
KESKIF,2.818535,
KESNEE,9.096450,
KETKAY,6.098038,
KETQEI,3.488927,
KETREH,2.016878,
KETWOX04,0.391789,
KEVCIX,5.974461,
BAJVEP,1.236716,
KEVGIB,0.897427,
KEVMEG,1.591970,
KEXJED,4.041243,
KEXRAG,0.897682,
KIBCUT,1.611771,
KIBFOT,3.922639,
KIBNER,2.092457,
KICYAY,0.001062,
KICYUS,1.070867,
KIFDEK,0.868965,
BALFEA,3.605741,
KIGSIE,1.258807,
KIGSOK,0.736711,
KIGSUQ,2.860221,
KIGTEB,0.000001,
KIGTIF,0.000000,
KIGTOL,1.517157,
KIGTUR,0.000097,
KIGVAZ,1.091505,
KIGVED,0.406882,
KIGVIH,0.000002,
BALFUQ,3.819146,
KIGYAC,0.001404,
KIGYIK,0.000000,
KIGYOQ,1.508344,
KIGYUW,0.882672,
KIGZAD,0.688282,
KIGZEH,0.000496,
KIHXAA,1.737242,
KIJBIR,2.902744,
KIJSIG,1.998250,
KIJSOM,4.231800,
BALHIS01,1.870125,
KIKDUE,3.650728,
KIKKAT,3.042725,
KIKKOH,2.923329,
KILREE,1.851401,
KILRII,0.955080,
KILROO,1.651611,
KILVAE,3.963775,
KINHEX,6.244309,
KINHIB,7.978341,
KINVUB,4.228921,
BALJAC,0.981110,
KINWIN,0.687556,
KIRTIQ,0.000000,
KIRYEQ,2.364818,
KISNUW,0.000001,
KITREK,7.548826,
KIVCOK,0.764654,
KIVDAV,0.003463,
KIWNEM,3.028277,
KIWWUK,3.709332,
KIWZEW,4.847938,
BALKEF,3.652807,
ADMOPM,6.051577,
KIXBIC,3.037604,
KIXCOJ,2.573933,
KIXFUT,3.880326,
KIXGAA,0.686372,
KIXSOZ,0.801346,
KIXTEQ,2.933735,
KIYGAA,1.304749,
KIYHOP,1.631319,
KIYHUV,3.212566,
KIZCEB,1.039812,
BALNIN02,1.030794,
KIZLEL,0.873522,
KIZMAI01,0.888278,
KIZTUJ,1.455543,
KIZVAR,2.893355,
KOBCEM,1.398827,
KOBCIQ,1.455716,
KOBCOW,1.536391,
KOBLUI,2.123302,
KOCHIT,1.795453,
KOCKIZ,0.649073,
BANREN,5.368429,
KOCLEU,1.805230,
KODCAI,3.649713,
KODTIG01,0.000000,
KOFCIS,3.253119,
KOFKUN,0.000000,
KOFLIB,3.232658,
KOGKIC,4.489066,
KOGLEZ,4.228664,
KOGRAZ,3.592269,
KOGRIH,4.392285,
BAPPAK,0.168169,
KOHKID,0.081041,
KOHKUQ,6.601694,
KOHMIE,4.496797,
KOHRUX,3.710416,
KOHZEN,2.201101,
KOHZIR,2.301241,
KOHZOX,2.224259,
KOHZUD,2.140280,
KOKJOL,0.000117,
KOKMOM,6.089885,
BAQBEA01,2.674178,
KOKNII,1.672648,
KOLKED,0.000000,
KOLKIH,0.004238,
KOLKON,0.003104,
KOLLEE,0.000633,
KOMYER,3.224310,
KONBUN,1.548874,
KONCOI,1.824000,
KONKOP,1.793638,
KONQIN,0.000481,
BAQBUS,3.464926,
KOPGUR,3.740613,
KOQTIW,3.061141,
KOQVEU,2.869688,
KOQVOE,2.652425,
KORTAP,4.758487,
KORYOI,3.769900,
KORYUO,3.171468,
KORZID,5.686447,
KORZUP,4.673690,
KOSCAZ,3.932978,
BAQJUY,3.318851,
KOSCED,2.423667,
KOSFEG,0.243851,
KOSFOQ,0.247131,
KOSGAD,0.243870,
KOVCOQ,7.097304,
KOVCUW,5.383556,
KOVDUX,7.624450,
KOVFUW,0.608967,
KOVGAD,0.288958,
KOVJEN,2.812886,
BARCEF,6.880089,
KOWFEK,0.830470,
KOWFUA,5.565898,
KOWNER,3.823980,
KOWSOE,5.853270,
KOWXID,3.194369,
KOYMES,0.000000,
KOYMOC,1.371818,
KOYTIE,1.973687,
KOYTOK,1.816771,
KOZMUJ,0.000000,
BARCOM04,5.160504,
KOZNAQ,1.071669,
KUBNIH,1.985168,
KUBWAI,1.676192,
KUBZUC,0.976185,
KUCCET,1.481139,
KUCKOJ,1.340432,
KUCTUZ,2.040248,
KUDDEU,3.064321,
KUDLUT,6.055805,
KUDWOV,1.737021,
BARGOR,2.017463,
KUFJON,1.398886,
KUFJUT,1.987456,
KUFKAA,1.788972,
KUFVOZ,2.900011,
KUGGIC04,0.000001,
KUGZES,4.484957,
KUHKIJ,1.862265,
KUHROX,3.128611,
KUHWIT,0.000000,
KUHXOD,2.841728,
BARHEI,2.902396,
ADRENL,5.045893,
KUHZIY,0.936749,
KUJVIW,2.823059,
KUJVOC,2.803168,
KUJZOF,0.683739,
KULBAW,1.315583,
KULBEA,1.804451,
KULBIE,2.693993,
KULCOM,2.291757,
KULNOV,4.246271,
KULWOG,3.137959,
BARNAL,3.284162,
KUMJOR,0.000000,
KUMLUA,2.284618,
KUMYID,2.213236,
KUNCIH,1.753947,
KUNVEU,3.441987,
KUPZIH,2.392379,
KUQDAE,5.673681,
KUSBIM,7.864834,
KUSKER,8.896052,
KUSLEP,0.118345,
BARWID,1.822558,
KUSLIU,6.002499,
KUSLUF01,0.004100,
KUTCAG,4.110438,
KUTCOS,3.362070,
KUTRUN,2.622060,
KUVBAF,4.705314,
KUWVAB,0.000000,
KUYRED,2.487667,
KUYRON,1.647839,
KUYWUX,2.721505,
BASKOX,4.267270,
KUZPUR,3.549029,
LABZET,3.324332,
LABZIX,3.859602,
LADVAN01,0.000000,
LAFROA,0.460614,
LAFSIW,2.856968,
LAGGIM,2.090832,
LAGVOE,2.559564,
LAGXAS,1.225205,
LAGXIA,0.235193,
BASLEO,4.927719,
LAGZID,1.617652,
LAHBUT,2.656057,
LAHLAI,2.861499,
LAKCEI,2.482462,
LAKGEJ,2.991400,
LAKRAR,1.248260,
LAKWEB,2.418958,
LAMWUU,3.187041,
LANFOX,3.247715,
LANGOZ,3.220546,
BASQIX,4.152426,
LANMIX,0.000000,
LANNOF,2.663508,
LANTEC,2.324362,
LANTIG,2.451236,
LAPHEP,0.603465,
LAPREC,3.314515,
LAPWEG,2.314800,
LAQMOI,2.543691,
LAQPEA,0.484768,
LAQXEH,1.537009,
BASXUQ,1.749385,
LAQXIL01,1.488902,
LARZAI,0.244225,
LASPRT05,0.898516,
LAVNOL,0.263121,
LAVVOU,3.751022,
LAWCIW,3.039810,
LAWHAU,1.082083,
LAWHEY,0.946775,
LAWHOG,3.341090,
LAWKAV,4.827090,
BATLOY,2.183146,
LAWSIN,4.784197,
LAWVUC,1.139875,
LAWWOY,2.868753,
LAWZUF,5.851175,
LAXCIY,2.987053,
LAXVIQ01,0.333566,
LAYQIN,2.050577,
LAYQOT,2.066695,
LEFGEK,0.917596,
LEFGUZ,2.672937,
BATLUE,2.493344,
LEFJAI,2.419279,
LEFSIB,4.102607,
LEGSIB,0.000000,
LEHDOS,2.027007,
LEHGEL,1.241734,
LEHVUQ,3.581875,
LEHZII,1.682226,
LEJCUA,0.137174,
LEJDAH,0.419061,
LEJDEL,0.507687,
BATVIB,3.297722,
LEJDIP,0.493701,
LEJDOV,0.669629,
LEJNIY,3.970774,
LEJREZ,2.606664,
LEKDUD,1.654213,
LEKNAT,3.452675,
LEKNEX,3.610720,
LEKNIB,4.776329,
LELGUE,4.162303,
LENJAQ,4.032682,
BAWFUB,3.133921,
ADUJOY,1.680837,
LENRIF,3.563741,
LEPBOZ,3.075914,
LEPBUF,3.702639,
LEQGOD,2.705371,
LEQGUM,4.725337,
LERKEB,4.050433,
LESKIE,1.174532,
LESMIG,1.381716,
LESTOU,3.370657,
LESXUD,1.653622,
BAWXAZ,1.998773,
LETFAR,4.556618,
LETGOG,0.165592,
LETQOR,2.307370,
LETVOX,10.430368,
LEVBAR,5.604274,
LEVBIY,4.034014,
LEWHUQ,3.813712,
LEWZUI,0.040107,
LEXBAR,0.026278,
LEXKIK,5.980691,
BAYKIW,2.073715,
LEYHUV,3.936796,
LEYJAD,3.791382,
LICCIM,0.058774,
LICDOT,0.006962,
LICLIU,3.787066,
LICLOA,4.297335,
LICLUG,4.208985,
LICSOG,1.043083,
LIDCAF,1.456401,
LIDWUS,0.239335,
BAZGUE,6.567826,
LIFQIA,0.144024,
LIHLOD,0.975559,
LIHMEW,3.047161,
LIHSAZ,2.958508,
LIHSON,1.385457,
LIKJUL,0.754310,
LIKKOF,2.095941,
LIKNEA,0.001286,
LILFIW,0.000000,
LILLUO,2.046443,
BDTOLE14,0.000010,
LILVUY,0.970082,
LILWAF,1.008703,
LIMJEZ,4.575380,
LINPOQ,5.138128,
LIPYIV,1.190774,
LIRZAQ,0.028190,
LISFEB,0.833200,
LISFIF,2.027725,
LISFOL,0.951074,
LISFUR,2.017995,
BEBCUJ,2.203725,
LISJIJ,2.316773,
LISKIK,3.194571,
LISKUW,3.177437,
LISLEH,3.461331,
LISMOS,3.768669,
LISNAF,3.228960,
LIVBEZ,0.808283,
LIVRAM,1.958557,
LIVWIZ,4.304430,
LIVWOD,1.479088,
BEBHUN,2.761875,
LIWDAY,0.258200,
LIWGUU,2.969540,
LIWJAF,3.546191,
LIWJEJ,4.611890,
LIWJIN,4.780595,
LIXLIP,4.338487,
LIYGIM,0.734689,
LIYGOS,0.691424,
LIYSAN,1.949001,
LIYSER,1.652077,
BEBREH,3.873071,
LIYTOC01,2.269740,
LOBSAY,3.030809,
LOBZEH,1.023349,
LOBZIL,2.438369,
LOCBAG,2.665494,
LOCLEX,3.286404,
LOCYUA,3.875157,
LOCZAH,0.116443,
LOFVEI,1.130843,
LOFVIM,1.026780,
BEBROR,3.915014,
LOGPAA,2.776578,
LOHVEK01,0.433515,
LOHXEN,1.930166,
LOJFUN,2.885275,
LOJPEI,1.402264,
LOJPIM,1.650757,
LOKHEB,2.655793,
LOKNOO,0.440487,
LOKNUU,0.419803,
LOKQUZ,1.756438,
BECCOB,4.661320,
LOMKAC,0.300260,
LOMKEG,0.230935,
LONTUE,11.188134,
LONYOE,3.913889,
LOPCOK,6.705534,
LOPNUB,2.858570,
LOQBIF,2.609586,
LOQBOL,3.110695,
LOQCIG,3.165990,
LOQCOM,4.665465,
BECNAB,2.589851,
ADUYUU,2.980833,
LOQLIM,1.351552,
LOSBIE01,0.152832,
LOSBOK,0.428568,
LOTKOW,1.191798,
LOXLIT,3.843862,
LOYHUF,2.481379,
LOYJER,2.115947,
LOZBOR,0.558993,
LPTILL,2.951937,
LUBBAN,5.532359,
BECZAN,5.823484,
LUBBER,6.403451,
LUBKOL,2.498984,
LUBKUR,2.965450,
LUBLAY,1.428381,
LUBPED,3.272510,
LUCBES,1.634007,
LUCDIZ,4.618771,
LUCDOF,4.561394,
LUDFOH,3.736489,
LUDQAD,4.787167,
BEDGEZ,3.732188,
LUFCEU,3.073325,
LUFGOL,3.483444,
LUFTEO,4.104436,
LUHDIC,1.282221,
LUJJEF,1.604556,
LUJPEO,2.647038,
LUJTUG,3.691295,
LUKBOJ,3.032499,
LUKFUT,1.085572,
LULSAM,3.886610,
BEDJAV,2.503835,
LULSEQ,3.878571,
LULZUP,2.224940,
LUMBEC,1.947395,
LUMBUS,2.275194,
LUMHUW,2.236557,
LUMSOB,0.770930,
LUMTES,0.715046,
LUMTIW,0.793357,
LUMWAS,0.014874,
LUMWEW,0.002344,
BEDVOX,2.469337,
LUNBAZ,1.668979,
LUNROD,1.507664,
LUPFOS,1.432967,
LUPXAY,3.289325,
LUPXIG,2.478566,
LUPYOM,4.410683,
LUQLAK,2.453144,
LUQLEO,3.613347,
LUQNIW,2.682616,
LURZAC,1.312918,
BEHROX,2.033130,
LUSVED,4.303797,
LUSXEF,5.057727,
LUTTOJ,1.773697,
LUTWII,1.823878,
LUVNAR,3.200871,
LUVNOI,0.000048,
LUWYAG,1.914232,
LUYSAA,5.373653,
MABSOZ,4.092386,
MAPKOE,1.978830,
BEHSOZ,3.784600,
MAXNIL,0.981417,
MAYMOP,0.466024,
MAYVEP,4.304420,
MAYVIT,4.236022,
MAYVUF,4.224509,
MAZBIA,2.068638,
MAZDEY,2.242305,
MAZMIM,2.909324,
MAZNUY,2.264768,
MAZPAH,1.444549,
BEJBAU,2.184729,
MAZWUH,2.906870,
MCPLNE,1.900570,
MCYHNQ,1.198143,
MEBNOX,1.830245,
MECKEK,5.749543,
MEDBIG,5.966284,
MEDBUS,0.445529,
MEDKIQ,2.389368,
MEDPES,1.732756,
MEFHEM,1.797135,
BEJMIM,3.092664,
MEGKOY,2.140977,
MEGONE,1.715633,
MEGQIZ,0.000000,
MEHJIT,1.463464,
MEHJUF,3.824289,
MEHXBO02,0.000000,
MEJMAQ,0.002176,
MEKZIM,3.119557,
MEMVUY,3.597921,
MEMWAF,3.537168,
BEJMIO,2.625759,
MEMWOR,3.536491,
MEMXAG,0.212144,
MENCIS,1.507078,
MENMAT,2.530468,
MENMEX,2.652722,
MENQOM,3.326277,
MERJEZ,2.900080,
MERKAV,2.102483,
MESHEY,1.578203,
MESVEO,3.244186,
BEJZEV,1.824278,
AENLAN10,2.332880,
METDEU,3.556700,
METMET,1.110645,
METTIP,3.946366,
MEYHOQ,1.227711,
MEYKIN,1.657832,
MEYLAG,4.721962,
MEYSOB,4.324835,
MIBCIM,2.045933,
MIBNET,1.916844,
MIHKEW,4.781335,
BEJZUL,2.975766,
MILLIE,1.463216,
MINTIP,1.363613,
MIPDEX,6.335117,
MIPGAW,5.672261,
MIVHAD,2.008146,
MIVLEL,3.550047,
MIVLUB,3.817758,
MIVMOW,1.333068,
MIVMUC,1.304816,
MIYKIR,2.306923,
BELNIS,1.856980,
MIZSEW,1.267293,
MIZTAT,2.106681,
MOBWIM,2.464597,
MOGGIB,3.572877,
MOGGOH,4.186798,
MOGGUN,4.522644,
MOJGAU,4.989875,
MOMWOC,2.087772,
MONDID,0.000961,
MONTOA,1.996674,
BELXIC,0.012486,
MOPJOR,1.326468,
MOPJUX,0.316693,
MOPKAE,0.270745,
MOPKEI,0.000000,
MOPVOC01,1.928585,
MOQZEZ,1.563934,
MOQZID,1.474896,
MORTAP,3.272634,
MORTOF,3.689266,
MOSNIU,2.782588,
BEMSIX,0.380859,
MOSSAO,3.216552,
MOSTOE,3.254702,
MOSVIC,3.285740,
MOSXUN,2.413510,
MOTFOT,1.656144,
MOTFUX,4.175215,
MOTVOJ,2.283190,
MOVBIL,2.743650,
MOVKOX,3.310480,
MOVNIV,2.235377,
BENMOX01,3.179047,
MOWRIA,2.979202,
MOWWEC,2.281970,
MOXBEJ,0.824687,
MOXBIN,0.876093,
MOYGUC01,0.712025,
MOYLAN,1.883769,
MOZCOW,0.826622,
MOZPUP,4.922450,
MPCAZU,0.845528,
MPGCAN,1.085277,
BENPOC,2.948659,
MPNPZH01,3.903680,
MPXZPC,2.677200,
MSALTS,1.392016,
MTCMTZ,1.063047,
MTPHEP01,2.526422,
MTXITZ,3.828876,
MUDFOG,2.371790,
MUDGOK,2.050054,
MUDGUQ,2.775679,
MUDPAD,4.431554,
BENPRL01,2.042770,
MUDPAE,2.822068,
MUDRAF,1.649780,
MUDROU,3.274359,
MUDWIT,2.398096,
MUDXOY,1.697296,
MUFKUT,1.179082,
MUFNAD,2.798676,
MUFNUW,0.002243,
MUFYER,3.184712,
MUGHIF,3.654286,
BENRAQ,5.415961,
MUGPIN,6.074026,
MUGRAI,4.577354,
MUGYIZ,1.397591,
MUHDAV,2.502302,
MUHDEZ,2.026233,
MUHTER,2.079147,
MUHTIT,0.006456,
MUJZIC,2.158556,
MUKBUQ,1.114129,
MUKJOR,5.023880,
BEQBOO,0.548914,
MUKVUL,3.899490,
MULMUD,3.595222,
MUMVEW,1.996944,
MUMZIG,3.451276,
MUNNUG,3.184235,
MUNYAY,3.393911,
MUSDEM,3.622284,
MUSKER,0.092654,
MUSQIB,5.329829,
MUSRID,1.863560,
BEQBUU,1.229603,
AEPCNQ10,3.021883,
MUSTOL,2.041233,
MUTBAF,1.106193,
MUTCAG,4.761448,
MUTDOU,2.552205,
MUTDUA,3.281572,
MUTGOA,4.075575,
MUTHEP,4.404461,
MUTHOZ,3.895440,
MUTLAR,9.072268,
MUVKOF,2.370314,
BEQCAB,1.357202,
MUVRUR,1.932936,
MUWBIS,0.905560,
MUWBOY,0.773079,
MUWCUD,3.191774,
MUWCUF,1.434321,
MUWDAM,1.764505,
MUWJAQ,3.215419,
MUXFOB,3.648036,
MUXGAO,3.129788,
MUXGES,3.434647,
BEQHEL,1.292951,
MUXGOC,3.312172,
MUXGUI,3.210507,
MUXJUK,3.119360,
MUXKOI,2.613663,
MUXKUO,1.915965,
MUXLAS,0.293314,
MUXXIP,3.761601,
MUYFOD,3.504131,
MUZDES,1.986127,
MUZHOH,3.431740,
BEQXED,4.369662,
MXBQMP,0.427871,
MXPMNQ,3.100152,
MXTZBI,1.869398,
NABKOT,5.406825,
NABVUI,2.895219,
NACJOS,0.470490,
NACTEQ02,3.194084,
NADHOR,1.788227,
NADREN,5.065690,
NAFCOM,1.330478,
BERGIP,0.008779,
NAFHUA,1.086720,
NAFXEX,1.564527,
NAGSIX,1.075081,
NAGWUO,2.640321,
NAGYOK,0.041018,
NAHJOW,2.086273,
NAJFEM,5.368637,
NAJNES01,2.137382,
NAJNOC,1.530806,
NAJNUI,1.293798,
BESBOT,1.858461,
NAKJAN,1.710729,
NAKJER,1.820624,
NAKTUR,2.387218,
NAKZII,2.063545,
NAMLIX,1.930498,
NANDAJ,2.068344,
NANFAK,2.373531,
NANFIU,5.356471,
NANWUX,2.825512,
NAPINO,2.507641,
BESCEI,1.421496,
NAPVEH,4.806850,
NAQHEU,2.725300,
NAQHIY,2.157501,
NAQNOJ,2.663150,
NAQQOO,1.372812,
NAQXEI,2.107332,
NATGOF,3.851694,
NATWIR,4.194734,
NAVDAP,3.215729,
NAWCET,2.600166,
BESGIS,4.867952,
NAWPAF,1.714255,
NAWPUZ,3.814905,
NAWQAG,0.496549,
NAWSUA,0.013566,
NAXBUL,3.093349,
NAYBAR,0.862749,
NAYBEV,0.751645,
NAYCIB,1.507420,
NAYMIL,4.196329,
NAYRUB,3.962176,
BETNEU,1.950516,
NAYYAO,3.272244,
NAZHON,3.055151,
NAZREL,0.988878,
NAZXES,4.372817,
NECFIN,2.379972,
NECSEW,1.982316,
NEDQIZ,1.544198,
NEFPAR,3.903693,
NEFPEV,5.319912,
NEFQEW,0.272215,
BETNIY,1.148915,
NEGCAD,3.262361,
NEHHAL,0.835786,
NEHSOK,2.280626,
NEHXOO,1.956573,
NEJGEQ,2.190097,
NEJLOF,2.185979,
NEJNOG,3.390896,
NEJTIF01,0.529432,
NEJYOR,2.450877,
NEJYOT,2.618665,
BEVCIO,2.940723,
AEPHOS03,2.253411,
ABEFAP,3.626110,
NEKCIP,0.997211,
NENCUG,2.294368,
NENNAW,4.641604,
NEOLIG,1.669472,
NEPZAM,1.621862,
NEQDOE,3.358751,
NEQGUO,2.956366,
NEQHAV,3.378516,
NEQHOI,3.349987,
NEQJEA,3.421486,
BEVRUP,3.422726,
NEQQUX,0.832048,
NEQVAI01,3.010901,
NEQVOV,4.473765,
NEQZEQ,0.000000,
NERQUX,2.446845,
NESMEG,3.914631,
NETZES,1.906476,
NETZIW,2.618709,
NEVGOL,1.795164,
NEVHAY,1.990525,
BEWZOV,1.451553,
NEVPUZ,1.016645,
NEVQAG,0.978162,
NEVQEK,1.728841,
NEWJIL,3.897119,
NEWKEH,3.286068,
NEWMOS,0.976029,
NEXNUB,2.095633,
NEYGAB,4.570776,
NEYGIJ,3.733140,
NEYYUL,3.012399,
BEXFOC,3.909205,
NEZFUT,2.271494,
NEZKIM,2.425616,
NEZLOT,0.097600,
NEZQOY,1.523423,
NIBVEB,0.358120,
NIBVIF,0.693032,
NIBVOL,1.662609,
NIBVUR,1.864724,
NIBWAY,0.923522,
NIBWEC,2.099673,
BEXHOC,1.679346,
NIBWIG,1.127825,
NIBWOM,0.879195,
NICBUZ,2.466048,
NIDGOZ,3.091414,
NIDHEP,6.891554,
NIDHOZ,5.766378,
NIDJER,6.048253,
NIFCEL,3.722063,
NIFFOY,0.867751,
NIFJUI,0.365236,
BEXLEY,2.544300,
NIFTIF,0.623631,
NIFVAC,2.775519,
NIFVIK,2.709541,
NIGPUP,0.011233,
NIGRON,2.592834,
NIGVAB,0.332637,
NIGVIJ,2.774042,
NIHCUF,6.233698,
NIHDUF,1.627998,
NIHREE,3.603880,
BEXTAZ,1.594931,
NIHZIN,1.373263,
NIJDIU,1.749279,
NIJFUH,1.980110,
NIJLOJ,2.715616,
NIJRUV,3.408312,
NIKPOO,1.817765,
NIKREH,3.314131,
NIKXUC,4.604123,
NIKYOX,4.887321,
NILLOJ,1.329429,
BEYDIV,1.832704,
NILMIH,3.773273,
NILNAA,3.590621,
NILXIP,0.565200,
NILYEN,0.225275,
NIMDOF,5.077886,
NIMREH,2.116967,
NIMYAM,2.903442,
NINQUX01,1.215529,
NINRAE,0.731892,
NINTAF,0.298622,
BEYJUM,3.031928,
NIPCOT,4.035557,
NIQPEJ,3.829938,
NIQROV01,3.892636,
NIRLEG,2.642379,
NIRYUI,0.000000,
NISGED,0.604877,
NISGUT,0.777983,
NISVUI,3.971536,
NISWAP,4.064193,
NIVXOF,2.869378,
BEYNUQ,2.557294,
NIWDUS,2.941641,
NIWFIK,4.164795,
NIWGUW,0.994952,
NIZDOR,2.174763,
NIZREU,3.782986,
NNOXDT,2.947434,
NOBBEO,1.448614,
NOBBUE,3.756269,
NOBJOG,2.103685,
NOBTED,2.735127,
BEZYAI,2.628357,
AFAFAP,1.778869,
NOBXEH,3.063615,
NOCMEX,0.327442,
NOCMIB,2.313601,
NOCRUS,0.000000,
NOCSON,0.823279,
NODDAN,4.211433,
NODHUJ,1.614609,
NOFWIR,3.764779,
NOGKUP,0.014081,
NOGQEH,2.539973,
BIBFEX,1.138803,
NOGQOR,3.911279,
NOGWEO,0.513049,
NOHFUN,3.360759,
NOHZOB,2.958536,
NOJNIM,
NOJTIP,2.403152,
NOJZET,2.489539,
NOKPIP,2.578505,
NOLFAY,3.529948,
NOLHII,2.166772,
BIBPOT,0.702494,
NOLNAF,3.506246,
NOLSAK,0.744983,
NOMGAA,3.462067,
NOMLIK,3.818556,
NONMUB,0.553960,
NONNAI,0.427301,
NONZEW,0.866722,
NOQJUZ,2.953952,
NORMAJ,4.112186,
NORMIR,4.301791,
BIBWUF,2.219611,
NORVUL,2.126601,
NORYEY,2.303371,
NOSJEK,2.884332,
NOSVID,0.004008,
NOSWAT,3.911117,
NOTHEL,2.292061,
NOTMUH,4.483465,
NOTQIZ,3.985760,
NOVKOA,1.633500,
NOVNIX,4.172425,
BICQIQ,4.036149,
NOVSUP,2.548909,
NOVXUT,3.468805,
NOVYAA,2.867030,
NOVYII,1.792006,
NOXGIS,5.444899,
NOXGOZ,2.507161,
NOYJUJ,2.228940,
NOYWED,0.392451,
NPINDO,3.201910,
NPNOXT,3.549604,
BIDGAZ,2.239424,
NTMTPN,2.615080,
NTRTAC01,1.045341,
NUBHUQ,1.999601,
NUBJIG,0.623169,
NUDBAQ,0.407530,
NUDHIE,0.031862,
NUDHOK,0.421153,
NUDHUQ,0.555037,
NUDJAY,0.132308,
NUDMUV,2.768556,
BIDVIU,2.735245,
NUFQEM,2.154500,
NUFSEO,4.707182,
NUFWAP,1.194627,
NUHHOP,3.581843,
NUHQIT,3.513903,
NUHQOZ,3.783618,
NUJHIM,5.843791,
NUJJUX,2.364340,
NUKGIL,1.952132,
NUKPIV,7.864254,
BIDZUK,3.190343,
NULGOS,0.930033,
NULMAK,2.546792,
NULVIC,2.236229,
NULWAV,1.200318,
NUMBIJ,0.653342,
NUMKUC,6.257804,
NUMWUO,2.089904,
NUNFEH,0.954459,
NUNGUA,1.062212,
NUNPIY,5.394165,
BIGBAU,0.743135,
NUNPOB,0.100861,
NUNYOM,1.300802,
NUNZAA,5.307250,
NUNZEE,5.447662,
NUPJIR,6.112734,
NUPPUL,2.182307,
NUPRUM,0.299279,
NUPVUR,0.862238,
NUQDIN,4.833638,
NUQPEV,3.495104,
BIGXEU,0.447439,
NURFIQ,2.286665,
NURGEN,3.114588,
NUSZIM,1.933027,
NUTNAT,4.036805,
NUTPAU,1.479834,
NUTPUN,0.000000,
NUVFOZ,0.156405,
NUXJAU,2.855061,
NUYDES,0.611679,
NUYYOY,2.603662,
BIGXOE,1.120471,
AFALEB,4.860877,
OBEJEK,2.051521,
OBIPUN,1.157165,
OBIWAX,2.354885,
OBIYIH,3.888790,
OBOMAW,2.864975,
OBUHAW,4.309251,
OBULEE,3.093091,
OBUVOW,1.885266,
OBUYUH,3.375944,
OCAKAG,3.453492,
BIHHUW,1.424921,
OCAKUA,2.493186,
OCAPUF,5.662430,
OCAQIU,3.208112,
OCAWOE,1.608497,
OCAXAT,3.162071,
OCEMIS,3.945678,
OCOGES,2.814885,
OCOHOF,0.987396,
OCOJIZ,0.309591,
OCUFID,0.240368,
BIHJAE,3.140686,
OCUKUT,2.097600,
OCULEE,2.574858,
OCUPAE,1.487977,
OCUPEK,2.685117,
ODAGIM,0.842647,
ODEBOP,0.029475,
ODEHIP,3.694476,
ODEMEP,0.840019,
ODESUO,1.559739,
ODEWOM,3.656673,
BIHJEI,3.216708,
ODIFAK,2.322221,
ODIFEO,1.868034,
ODOGEV,2.662642,
ODOLEA,2.196751,
OFALIT,2.204177,
OFALOX,0.061560,
OFAZEB,2.982869,
OFEHAJ,1.753068,
OFEMAO,4.462508,
OFEXUV,4.667542,
BIHJIM,1.665625,
OFIHUH,1.383875,
OFOCET,3.194546,
OFOHOI,1.944984,
OGADAE,3.736413,
OGADIM,4.184182,
OGENAP,4.022150,
OGEROI,2.184358,
OGIGUJ,0.060887,
OGIZOW,1.328406,
OGUDIF,3.944650,
BIHMOX,5.394805,
OGUJIM,4.355967,
OGUSAN,2.853498,
OHADEG,0.565160,
OHEFIT,3.885193,
OHEFOZ,4.954127,
OHEKES,3.386108,
OHENAT,3.174225,
OHENEX,3.268127,
OHENIB,3.231960,
OHENOH,3.267260,
BIHROA,3.441666,
OHENUN,2.284208,
OHIVAC,2.646745,
OHOJAW,2.219027,
OHOLOO,1.058513,
OHPRDC,0.654363,
OHUMAG,0.712582,
OHUPAJ,2.985222,
OJECEN,2.556251,
OJECEO,4.998060,
OJEKUL,2.390373,
BIHSAN,6.778278,
OJINOM,2.179308,
OJOHUR,4.120552,
OJOJIH,3.275007,
OJUSIV,0.004909,
OKALUJ,3.257398,
OKAVUS,3.513587,
OKAXOO,0.297006,
OKAXUU,0.202257,
OKEQUR,0.000000,
OKIDES,0.000051,
BIJLIR,0.647186,
OKIQUU,1.567245,
OKUCED,2.117800,
OKUJEK,0.894984,
OLIFOG,1.722810,
OLISUX,3.360264,
OLOGEB,0.952028,
OLOYAQ,1.871199,
OLOYIY,2.390376,
OMIWOW,3.038713,
OMOXEV,5.290080,
BIJLOX,0.722186,
OMUKUD,0.713396,
OMUMIT,2.985837,
OMUNOA,2.241489,
ONADIS,0.516550,
ONAHIW,0.000187,
ONIZOC,2.512204,
ONOBAW,1.064465,
ONOBUQ,1.666578,
ONOCAX,1.591814,
ONUMAN,2.018317,
BIKMOX,3.361289,
AFAMUS,3.341547,
OPAVAD,2.939327,
OPEFUM,1.009910,
OPEKUQ,4.779571,
OPHPHA10,4.393711,
OQADOB,1.622053,
OQAYEL,1.566828,
OQAYIP,2.355654,
OQERIM,3.383128,
OQEWOX,0.280216,
OQEWUD,1.526684,
BIKPET,7.327181,
OQODEF,2.660832,
ORECAR,5.629013,
ORECEV,5.632069,
ORECIZ,5.630102,
ORERUZ,1.517472,
ORIHEE,2.385413,
ORISEP,3.822662,
ORODUW,1.215807,
OROHOU02,0.105852,
OROJAH,5.184020,
BIKPOA10,1.736836,
ORURID,0.017122,
OSAFIZ,1.968347,
OSIBUP,1.508695,
OSITUG,1.490991,
OSIZAT,5.479324,
OSUZIM,2.430941,
OTIHOP,3.784815,
OTIHUV,2.575304,
OTOHEL,2.057573,
OVIHAD,3.686358,
BILBAA,2.119921,
OVIHEH,3.756037,
OVIHIL,3.744544,
OVIRES,4.151316,
OVODOU,0.941695,
OVOMUJ,7.032616,
OVONEU,4.107953,
OVUSOO,1.164550,
OVUVEI,0.751924,
OWOJOA,3.439109,
OWOJUG,3.439926,
BILDEH,2.268064,
OWUKOI,4.005050,
OWULOJ,3.839354,
OXAKOP,2.738476,
OXAKUV,3.648242,
OXEJAE02,2.924002,
OXIMAL,1.556090,
OXOFEN,4.347872,
OXSRAN,1.522463,
OXUWAG,3.509350,
OYACIC,3.491562,
BILDIL,2.232295,
OYANAE,3.706493,
OYANEI,3.710408,
OYEHAD,3.537445,
OYOJES,3.279835,
OYUYIS,7.246009,
OZAHEE,3.246377,
OZEFOQ,0.000000,
OZITAT,4.704642,
PABDAZ,3.319620,
PABWEW,8.059399,
BILSAQ,1.360148,
PABYIA01,0.194396,
PADSAR,1.666652,
PADSEV,1.395279,
PAGJIR,0.329625,
PAGJOX,0.942403,
PAGJUD,1.284413,
PAGSIA,3.169831,
PAGYOM,3.714326,
PAHPEV,2.057754,
PAHVUR,3.015363,
BIMGUC,2.230929,
PAJFIQ,3.782604,
PAJHIU,0.534268,
PAJHOA,0.516315,
PAKCUB,3.479098,
PAKDIR,1.986022,
PALMOG,1.566509,
PAMFEO,2.931190,
PAMKUK,1.730224,
PAMLAR,1.393039,
PAMLEV,0.805226,
BINLIT,0.604607,
PAMNUP,1.237608,
PAMQIE,5.729238,
PAMQOK,2.335229,
PAMZOT,3.689747,
PANBEL,2.183963,
PANQUO,0.507295,
PAPPHI,6.477184,
PAQJOH,3.829736,
PAQMAX,3.634583,
PAQNIG,1.062395,
BINRAU,3.063948,
PARCER,2.248107,
PARKEB,1.607590,
PARLIG,6.571892,
PARNEC,1.744970,
PARQIL,2.780952,
PARVAI,2.737051,
PASPLB02,1.014328,
PATGOI,1.471317,
PATXEQ,4.473760,
PATZUG,1.085026,
BINREY,3.490249,
AFANAZ,4.194888,
PAVBEU01,1.099642,
PAVBIY,1.169755,
PAVCOH,4.757884,
PAVDUO,2.151660,
PAVFAW,1.569412,
PAVHUR,2.346419,
PAVJUS,0.416773,
PAVVEQ,2.091077,
PAVVIT,3.402088,
PAWDEZ,0.050592,
BIQKUK,2.768682,
PAWKUW,2.616810,
PAWRAI,6.068467,
PAWVAN,1.221772,
PAXWAN01,2.586038,
PAYMOU,4.417911,
PAYNAH,2.894654,
PAYTIT,3.643056,
PAYXAO,3.525381,
PAZHUT,0.472471,
PAZRIU,4.148636,
BIRJOE,2.814117,
PBMTXE,2.892419,
PBOSEU,3.608279,
PBZDOC10,3.595364,
PEBBEE,1.954317,
PEBWAX,1.129297,
PECDIN,3.049670,
PECPOE,3.303353,
PEDYAZ,2.857239,
PEFDIQ,3.465070,
PEFZAE,2.480524,
BIRKIW,0.000000,
PEGHEQ,0.200355,
PEGJIV,4.445786,
PEHYIK,0.442771,
PEJHOB,7.209898,
PEJPAY,2.464896,
PEJXIM,3.072033,
PEJYEJ,3.459572,
PEKGAN,0.200133,
PELJOG,0.588962,
PELTOS,2.173170,
BIRNIC,3.931401,
PELWAE,1.754891,
PEMBAK,0.986157,
PEMBEO,0.082031,
PEMSOQ,0.966581,
PENHEP10,0.958258,
PENJEX,1.117283,
PEPVUE,3.444838,
PEQCOF,3.944378,
PEQDAS,3.761249,
PEQDEW,3.775926,
BIRQIF,3.392080,
PEQDIA,3.637980,
PEQFUO,2.235242,
PEQZOC,1.273473,
PERNUV01,3.168864,
PERNUX,3.001557,
PERQAE,3.294333,
PESJII01,0.760324,
PESLIL,2.449925,
PESNAD,1.376514,
PESNUZ,4.753113,
BISFAM,2.450576,
PETDUN,1.410630,
PETFAV,1.046632,
PETRAJ,1.952923,
PEVBIE,3.809417,
PEVLIM,3.688221,
PEVRAK,1.626466,
PEWFOM,0.000000,
PEWPUD,2.807586,
PEXCUS,1.003109,
PEXRIT,1.301591,
BISFEQ,3.014940,
PEXSAP,2.274319,
PEXYOG,0.000000,
PEXZAY,3.562465,
PEXZEX,1.396794,
PEYKUC,1.930357,
PEYLIQ,3.700323,
PEYVOH,2.744741,
PEZCAB,1.838183,
PEZFEG,1.884090,
PEZFIK,2.141351,
BISFUG,2.382526,
PEZVEY,3.459411,
PHEPHR,4.787000,
PHOGLY,1.529076,
PIBBIN,2.033734,
PIBXAC,1.583747,
PIDFAJ,1.578659,
PIFHAQ,2.575799,
PIGKIA,2.391342,
PIGKOG,1.811565,
PIHBAM,3.655979,
BISREA,1.960595,
PIHJOI,0.884101,
PIHNAX,2.665676,
PIJFOG,2.843940,
PIJXEM,2.956097,
PIJZOZ,2.619813,
PIKBIX,4.351086,
PIKCAQ,4.018527,
PILFEV,0.276503,
PILVAI,3.332242,
PILZUG,1.436440,
BIVBAL,1.491870,
AFAZEM,3.907956,
PIMKAX,2.690803,
PIMMIK,1.493200,
PINWIU,2.797772,
PIODZT,2.654483,
PIPAMP,2.093943,
PIPXUJ,2.285873,
PIQCEZ01,3.278592,
PIQXAR,4.904982,
PIRGIG,1.268286,
PIRGOM,0.008422,
BIWNUT,2.022959,
PIRQIT,1.705791,
PIRRAM,0.000573,
PIRREQ,0.000107,
PIRRIU,0.001403,
PIRROA,0.000124,
PIRRUG,0.004386,
PIRSAK,0.157553,
PIRSAN,0.003265,
PIRSER,0.037351,
PITCTZ10,1.048107,
BIWQOQ,3.827619,
PITGUU,3.747119,
PITJIM,0.544376,
PITXUL,1.493486,
PIVWIA,2.368094,
PIVXUO,5.477113,
PIWJIP,3.645541,
PIWJOV,3.865155,
PIWTAT,1.663789,
PIXGAF,3.768084,
PIXMAM,3.189525,
BIXJID,4.863016,
PIXTEY,1.317295,
PIYFIP,9.433342,
PIYMUI,1.484347,
PIYQOD,2.769357,
PIYQUJ,3.660337,
PIYRAQ,2.795163,
PIYTEX,1.882490,
PIZMAN,1.942517,
PIZWON,1.165448,
PIZYAY,0.960760,
BIXKUR,2.210682,
PMANAQ,6.160832,
POBJUN,3.501911,
POBRAA,1.746688,
POBRII,1.719341,
POBYOW,3.809691,
PODTAD,2.432691,
POFKIG,3.954815,
POFMED,2.992610,
POFYEP,2.520135,
POGDAT,1.482462,
BIXMAY,4.147097,
POHTEM,0.471815,
POHYIW,6.609090,
POHZUJ,2.252110,
POJRIR,3.756088,
POKFUQ01,1.674728,
POKNUY,0.000000,
POKPAG,0.000000,
POLJAB,0.026307,
POLQEO,2.312107,
POMLIP,4.474241,
BIXMIG,3.787831,
PONPOY,1.900842,
PONPUE,0.990372,
PONSOB,3.786036,
PONXUN,2.434687,
POPJEJ,1.617780,
POQJAI,0.988838,
PORLIS,2.911327,
PORPIW,3.629939,
PORQIX,1.563751,
PORQOD,2.600648,
BIXMIH,2.524445,
POSSEV,7.326304,
POTKEQ,2.303245,
POTSEZ,5.486788,
POTSUP,4.897043,
POTTEA,6.961589,
POVBOU,6.318588,
POVQID,4.286252,
POVSAW,1.607365,
POVWAA,3.547957,
POVZOP,2.692832,
BIXMOM,3.939860,
POWLUL,3.795331,
POXWAC,7.333084,
POXZIL,3.145057,
POYJAQ,3.189957,
POYRIF,1.342859,
POYTAA,3.502946,
POZGUJ,3.887833,
POZLEW,0.063108,
PRPCYM,3.608569,
PSBTTP,0.517729,
BIXNON,3.423501,
PSPLCA,1.914686,
PUBYIX,3.149638,
PUDFOM,4.247826,
PUDJAC,
PUDKAD,6.939060,
PUDKEH,1.512304,
PUFBEA,6.220552,
PUFBIE,6.424362,
PUFHEG,2.493330,
PUFNAG,0.152939,
BIXZOX10,1.647954,
AFAZOZ,4.017079,
PUHHAD,1.280277,
PUJKAH,1.642159,
PUJQER,3.370878,
PUKNAL,1.118406,
PULDOS,3.477790,
PUMZIJ,8.027647,
PUNHEO,4.525624,
PUNHUE,4.524983,
PUNPOD,1.822395,
PUNTIE,4.300850,
BIXZUD10,1.629011,
PUPGOW,1.688293,
PUPKOD,2.879460,
PUQLEU,4.570577,
PUQQUQ,3.745707,
PUQYEH,0.000005,
PUQYIL,0.000002,
PURBAI,1.096860,
PURKIY,1.551650,
PURKUK,2.294805,
PURPIE,5.986928,
BIYMIH,2.716748,
PUSJIZ,0.927084,
PUSJOF,5.965557,
PUTGIX,0.717980,
PUTHUK,2.050530,
PUTJAS,1.539993,
PUTLAT,2.995996,
PUTLEX,3.120117,
PUTZIP,1.167778,
PUVFEU,4.858788,
PUVJUM,0.000110,
BIYRAE,1.231722,
PUVLID,1.567708,
PUVLUP,0.866613,
PUWFIZ,0.450068,
PUWMOK,5.332100,
PUWNAX,5.353937,
PUXPAB,1.473232,
PUXVOV,1.477785,
PUYQIL,1.041780,
PUYWIP,3.896353,
PUYYUD,2.962851,
BIYWUC,2.954652,
PUZHAV,1.952341,
PUZXOZ,2.192501,
QADNEQ,1.699224,
QADNIU,2.043799,
QAFKOZ,2.207329,
QAHXAB,2.031040,
QAJKIX,3.507437,
QAMNOH,4.616655,
QAMXUY01,4.671122,
QANDIU,0.203634,
BIYZUH,2.406671,
QANLUN,1.314836,
QANZUB,0.000000,
QAQFUL,4.969094,
QARHAV,2.275008,
QARHEX,3.369884,
QASCAP,0.386009,
QASDAS,1.600591,
QASDEW,2.140456,
QATFAT,2.433746,
QATNAB,3.673699,
BIZKUR,0.194510,
QATZUH,1.986923,
QAVJOP,3.989094,
QAXVOB,0.995101,
QAZRUH,1.620041,
QAZSOC,4.937068,
QECNIV,3.875378,
QECSIC,3.876434,
QEDLIW,2.195602,
QEDMOE,1.767431,
QEDRUM,4.996965,
BOCHEG,1.248717,
QEDVED,2.607012,
QEFBAH,3.862526,
QEFTON01,1.870203,
QEGTEC,4.365356,
QEHQIG,2.315194,
QEHQOM,2.909454,
QEHQUS,2.107913,
QEKHUM,1.375753,
QEKPUR,0.000073,
QELHOE,4.363602,
BOCNEN,2.947974,
QELHUK,1.014308,
QELJOG,3.734629,
QELZUD,5.071219,
QEMJIC,3.587159,
QEMRUY,0.001215,
QENQAE,6.841809,
QEPGAW,1.197634,
QEPPEJ,2.576894,
QERKEE,2.789782,
QERMAC,2.655739,
BODBAZ,1.754247,
QERMEF,1.715347,
QESRAK,3.772565,
QESREO,3.610203,
QESROY,3.951941,
QETNOT,3.106081,
QETPEN,6.589429,
QEVXAQ,0.239464,
QEXLIP,1.647124,
QEXLUB,1.744946,
QEYVAR,0.270202,
BODBUR,0.000000,
AFEJIG,2.375948,
QEZFEG,2.392516,
QEZROD,3.672773,
QIBGUD,0.238077,
QIBJIV,1.203131,
QIBJOB,1.262784,
QIBKER,1.807125,
QIBMEU,4.463258,
QICLAQ,1.232607,
QIFFAN,3.146535,
QIFHAP,1.822057,
BOFBIH,0.013162,
QIFKEV,0.995446,
QIFKIZ,1.605817,
QIGMIC,0.003836,
QIKBOD,3.094174,
QIKLIH,2.488514,
QIKWAL,4.836384,
QIKWOZ,3.028798,
QILTUC,2.173376,
QIMKIG04,0.977255,
QIMQAH,4.731935,
BOFCIL,0.755018,
QIMQEL,4.715893,
QIMQIP,4.785337,
QIMQOV,4.944515,
QIMQUB,3.783544,
QIMRAI,5.020366,
QIMREM,4.779787,
QINPUY,5.268351,
QINTAI01,1.337759,
QINWUI,0.018895,
QIPGAA,1.182624,
BOFPAP,3.190704,
QIPGII,1.161253,
QISSET,2.695223,
QITMAK,2.463463,
QITTAR,3.360895,
QITVOE,0.000000,
QITVUK,1.448985,
QIVRET,3.484283,
QIWGAH,2.964691,
QIWMAM,2.594448,
QIWQUK,4.619828,
BOGHEM,2.894667,
QIWXID,4.984843,
QIWYEA,4.214453,
QIXQUK,0.000012,
QIXXAY,3.339321,
QIYYUU,2.294496,
QIZBOT,2.983122,
QIZLOB,1.963853,
QIZXOM,3.092228,
QOBNAZ,5.917584,
QOCDEU,1.284821,
BOGJUC,2.556503,
QOCJEA,1.338059,
QODTAF,1.728380,
QODXAK,1.006271,
QOFDUM,1.575938,
QOFFEY,3.756987,
QOFWAL,0.677422,
QOHRAH,2.403422,
QOHVAL,3.523675,
QOJHUT,4.171217,
QOJJEF,4.321876,
BOGJUE,0.992095,
QOJSUF,1.574798,
QOKMEL,0.003547,
QOKROA,1.945645,
QOKWUL,2.481747,
QOKXEW,1.798168,
QOLNOV,2.891847,
QOLTAN,2.175064,
QOMRIV,3.523550,
QONGAC,2.375241,
QOQVAV,2.909521,
BOGYEC,1.743765,
QOQXOL,1.646737,
QOQXUR,1.645624,
QOSDUA,2.134914,
QOTDOT,2.365439,
QOTXUV,6.056610,
QOTYAC,6.079949,
QOVCOV,1.921752,
QOVPID,3.196783,
QOVPUP,3.152028,
QOWQIC,2.937157,
BOHHUD,0.000000,
QOXLEX,7.419114,
QOXLIB,6.620582,
QOXPID,4.369584,
QOXYIO,4.630427,
QOYQIH,1.126148,
QOZHIX,0.479417,
QOZTUX,1.051044,
QOZZEK,3.231393,
QQQAWY01,2.609681,
QUBGOK,1.390530,
BOJWIH,2.930283,
QUBVEQ,2.152157,
QUDQUD,2.197562,
QUDVOC,1.862597,
QUFCOJ,1.797505,
QUGHUX,1.078358,
QUGJAF,3.299119,
QUGJEJ,3.309594,
QUGTUK,3.341577,
QUGVAS,3.301907,
QUHLUD,2.599463,
BOJXAC,2.634866,
AFERAH,1.958510,
QUJKAK,4.799482,
QUJLIQ,1.660416,
QUKQUL,2.531793,
QULQIZ,4.964474,
QUMVEB,1.913727,
QUMWAZ,4.236281,
QUNZIK,1.272010,
QUPMAS,6.447766,
QUQQAW,0.000000,
QURCIS,5.949101,
BOKXOO,2.372904,
QURWIL,2.853934,
QUSCUC01,2.842817,
QUSDIT,1.178188,
QUSKOE,2.235705,
QUTNIE,2.324929,
QUTSAZ,2.399116,
QUVWAI,0.000960,
QUWLIG,2.206036,
QUWMEC,1.449491,
QUXHUO,2.148406,
BOLDAH,0.122140,
QUYFAT,4.200691,
QUYMED,0.000002,
QUYNEG,1.969440,
QUYNIK,2.309913,
QUYQEJ,6.886151,
QUYQOT,6.754147,
QUYQUZ,6.909234,
QUZVAJ,1.915429,
QUZVEN,1.878263,
RABCAZ01,1.959521,
BOLDEL,0.266762,
RACDUU,2.264772,
RACGEK,3.661315,
RACGIO,3.315391,
RACLIS,1.270402,
RACLOY,4.265539,
RADRAR,4.177883,
RADREV,4.205635,
RADRUL,2.936734,
RAFKIS,2.071587,
RAFTOH,1.670816,
BOLGOZ,5.131142,
RAFVEC,3.174039,
RAFVOJ,3.806700,
RAGWAA,2.024906,
RAGWUR01,2.177060,
RAHNOG,1.555372,
RAKCAH,2.776050,
RAKZOT,1.774240,
RALDAM,5.982069,
RALSAB,1.637002,
RALYIM,3.978131,
BOLPEX,1.536779,
RAPBUF,0.290881,
RAPCER,3.288308,
RAPGEV,1.634041,
RAPPOP,4.349446,
RAPRIJ,0.067612,
RAPTIM,2.112202,
RAQNIJ,2.767449,
RARZOC,3.211553,
RATLII,4.984197,
RATWUE,0.269125,
BONGAO,1.415866,
RAVZAQ,2.112702,
RAVZUK,3.274732,
RAXCEB,1.351773,
RAXCOL,2.148573,
RAXDOJ,3.562439,
RAXJOS,3.424922,
RAXLAG,0.000000,
RAXLEK,0.375746,
RAXSAL,3.079947,
RAYKAE,0.000000,
BONJIY,0.037504,
RAYXEU,1.902341,
REBDUA,1.991165,
REDJEP,0.586600,
REDLUI,2.345078,
REFCEN,2.793520,
REGFAK,0.000000,
REGLOF,0.446601,
REHVUY,1.886048,
REHWEJ,1.639752,
REHWOT,2.272825,
BONQAZ,2.191274,
RELWEN,2.629132,
RELWIR,2.713596,
RELWUD,3.411022,
RELXOY,4.236346,
RELYAL,3.056533,
REMDAQ,2.027824,
REMGAS,1.802796,
REMKIG,2.340576,
REMNON,2.641983,
RENHEZ,2.835817,
BONZEM,5.618754,
RENJUR,1.493449,
RENSAH,2.847500,
RENSUA,0.744867,
REPVOA,7.672645,
REQLOR,4.286330,
REQMAD,4.033408,
REQMEH,2.509618,
REQMOR,0.982642,
REQNOQ,0.923525,
REQXAN,0.678884,
BOPGAP,2.846691,
AFIMAD,2.190296,
RERPOU,3.622193,
RETLUY,3.806410,
RETSOA,2.907077,
RETSUG,2.870579,
REVBUR,2.348326,
REVRIW,0.948950,
REVTAO,0.679574,
REVXEY,6.362054,
REVYUM,0.008952,
REWDAZ,4.219190,
BOPGOE,0.199883,
REXGIN,3.355397,
REXSIY,1.159829,
REYBON,1.739615,
REYBUT,1.550226,
REYSOF,2.186773,
REZJEM,3.795297,
REZSUN,4.108587,
REZZEE,8.080169,
RICNAT,0.459014,
RICWOP,2.098144,
BOPGUK,0.243048,
RIDTAA,2.096105,
RIFHIX,4.340102,
RIFMAU,0.482512,
RIFMCN,2.371791,
RIFRUW,2.393930,
RIGRAD,1.634184,
RIHKEY,1.616616,
RIHVEL,1.518347,
RIJVEL,3.367218,
RIKPIK,2.829619,
BOPOMI,1.874420,
RILXIW,1.220075,
RIMJAA,4.000537,
RINBUO,2.630016,
RINLEF,2.101867,
RINVEP,2.931644,
RINWAM,2.386440,
RIQBUO,0.318665,
RIQGAC,0.685338,
RIQGEG,0.891714,
RIQGIK,2.620298,
BOPRUV,1.464117,
RIQJIL,2.672640,
RIQQUF,0.704245,
RIRLIO,2.053339,
RIRSEQ,7.501061,
RISCEB,0.997223,
RISCIF,1.492259,
RISYID,1.479119,
RITBAZ,1.997468,
RITCAA,1.979401,
RIVZED,1.335501,
BOQHIY,6.612519,
RIXDEH,3.358753,
RIXSIB,3.400733,
RIYFIQ,3.997813,
RIYFOW,3.975364,
ROBMOM,1.585755,
RODHOI,2.931694,
ROFJAY,5.282537,
ROFQOT,2.589401,
ROGLAB,3.852998,
ROGMUY,1.528593,
BOQHOH,1.473641,
ROGVOZ,2.955437,
ROHBIZ,12.233461,
ROHYAO,1.423685,
ROHYIW,1.337620,
ROJHAC,3.366050,
ROJRUE,2.703091,
ROKRUE,2.186367,
ROMBON,2.937698,
ROMKOU,2.091270,
ROMLIP,3.144855,
BOQLAX,2.632976,
RONFIL,2.994268,
RONQES,3.467844,
ROPVAV,5.356614,
ROPVAW,1.445963,
ROQHOU,1.197186,
ROQJAI,1.262250,
ROQJEM,1.645584,
ROQJIQ,1.276791,
ROQJUC,2.283237,
ROQKAJ,2.133630,
BORFEW,0.000571,
RORDEK,6.519758,
RORDIO,6.539811,
RORDOU,1.516199,
RORDUA,1.545871,
RORMOA,2.188569,
RORXAZ,1.947789,
ROTHOZ,0.000000,
ROTMEV,1.664979,
ROVHOB,2.810223,
ROVHUH,2.829985,
BOSECH,1.269051,
ROVMEW,2.124042,
ROVXOS,2.630948,
ROWGAN,4.060628,
ROWVEH,1.455015,
ROYPAY,1.997576,
ROYPAZ,1.501238,
ROZTEH,1.066312,
ROZWAH,2.684315,
RUBVAO,2.479316,
RUCHII,0.006582,
BOSSAF,1.698064,
AFIMEH,3.192579,
ABIYOC,1.543099,
RUCHOO,0.817651,
RUCHUT,2.431667,
RUCLUZ,6.281935,
RUCMAG,5.819458,
RUCMEK,6.218468,
RUDHEG,3.216119,
RUDJUY,3.936672,
RUDNOT02,0.241703,
RUDNOV,3.680364,
RUDPAJ,3.662923,
BOSSUA,0.336603,
RUDYUL,2.499437,
RUFYIB,3.840698,
RUFZEY,1.269751,
RUGMEO,1.927579,
RUGMUC,1.261883,
RUGXUP,3.136851,
RUJJAI,2.639349,
RUKTUO,2.297898,
RULMOC,2.565652,
RULRIZ,0.260584,
BOTMAB,4.026925,
RULRUN,0.219744,
RUNNAS,2.647431,
RUNPAR,0.831393,
RUNTUS,3.856925,
RUPHAM,0.806112,
RUPYAC,2.249415,
RUPZIN,3.395331,
RUQBAI,2.866045,
RUQBEM,2.745068,
RUQSED,2.224499,
BOTMEF,4.094304,
RURWOR,2.930967,
RURWUX,3.030709,
RURXAE,3.008889,
RURXIO,1.250935,
RUSLIA,2.504038,
RUSLOG,2.346607,
RUSWUA,4.252151,
RUSXAH,4.709911,
RUSXIP,3.933100,
RUTLUO,0.110743,
BOTMIJ,4.009601,
RUTQEF,1.836601,
RUTVIL,2.718608,
RUTZEN,2.638593,
RUVYUC,0.803464,
RUWBUI,2.387715,
RUWPAB,1.964737,
RUWPEF,1.629446,
RUXYEP,1.499258,
RUYSUZ,0.575825,
RUZJUU,3.307646,
BOTRUY,0.706306,
SABKAI,3.863125,
SABQAP,2.133043,
SABQET,2.166081,
SABTAT,1.289610,
SACMUF,1.533775,
SADGIP,1.941562,
SADNOD,2.331114,
SADNUJ,1.661454,
SADQIA,0.000000,
SAFPOE,1.184636,
BOTSAF,0.559158,
SAFSIB,0.079898,
SAFTOL,3.060701,
SAGBIL,2.518685,
SAGDIP,3.110955,
SAGKAO,3.063735,
SAGKES,3.611342,
SAGLAO,3.083076,
SAGMUK,1.473495,
SAGTIF,1.575092,
SAHBAG,2.625686,
BOTVEO,4.104356,
SAHBIO,1.667217,
SAHSUP,5.424713,
SAJDUC,0.003678,
SAJFAK,0.049805,
SAJFOY10,0.000485,
SAJQUP,3.764648,
SAKMEW01,2.743459,
SAKYIP,3.722406,
SAKZEJ,0.045582,
SAMPEB,0.851949,
BOTWOY,2.621702,
SANCOZ,2.939957,
SANKIC,6.341718,
SANVOU,2.714623,
SAPMEB,2.139631,
SAPZEO,0.168856,
SAQSUA,4.002089,
SAQTAH,3.765553,
SARBIX,0.026761,
SARCOG,6.166549,
SARGLY10,2.559076,
BOVBIY,2.163355,
SASCAT,2.498910,
SASHEB,1.543366,
SATFOJ,4.993708,
SATJED,0.000000,
SATMAE,3.678719,
SATQAG,0.819245,
SAVMUA,1.986052,
SAWBIC,0.881033,
SAWHAB,4.301007,
SAWKAC,5.028748,
BOVCIY01,3.289628,
AFIMUX,1.937817,
SAWWIX,0.000000,
SAXTUG,2.702887,
SAYYOH,1.842952,
SAZMOV,1.683825,
SAZTUI,2.578986,
SBLCYS,2.976398,
SEBPAT,2.580617,
SEBREZ,2.685544,
SECCOU,3.076890,
SECCOV,3.144193,
BOVDOG,2.435782,
SEDLUK,4.102525,
SEDPIA01,0.255182,
SEDRAU,6.328201,
SEFSON,6.084586,
SEFTII,7.100963,
SEFWOP,2.304793,
SEGCOW,4.983321,
SEHJOF,2.254564,
SEJROO,
SEKREI,2.253623,
BOVDUO,5.786385,
SEKRIM,0.811131,
SELDAR,3.809380,
SELDIZ,3.948149,
SELDOE01,3.446672,
SELDOF,3.807920,
SELDUK,3.548578,
SELROR,2.755700,
SEMGEZ,0.976256,
SEMRUX,4.379014,
SENKAZ,1.619948,
BOVMAA,0.000000,
SENYER,2.110140,
SEPHIF,1.498293,
SEQDAU,0.000000,
SEQDEZ,2.903722,
SEQTOA,3.520888,
SEQZAQ,2.428678,
SESHEE,2.947190,
SESQOX,2.873797,
SESVER,0.367043,
SESYAR,1.466699,
BOVNEF,1.453051,
SETCOK,5.691445,
SETTER,6.189961,
SETWUK,3.556910,
SETYOG,3.232676,
SEVGUY,2.653506,
SEVJIN,3.111988,
SEVYIB,1.896644,
SEWCII,1.693361,
SEWDOQ,3.367207,
SEWFUV,1.977631,
BOVWOZ,2.928631,
SEWZAY,1.763456,
SEYDAE,2.763116,
SEYKUE,1.359515,
SEYSIY,1.589003,
SEYWUO,2.757556,
SEZCIJ,1.634748,
SEZHEL,2.403917,
SEZKAK,2.980443,
SEZNAP,3.796337,
SEZXUR,1.745879,
BOVYER,2.551554,
SIBBEL,3.074916,
SIBGOZ,0.131068,
SIBIRC,2.902981,
SIBYOT,2.096553,
SICBAJ,1.922745,
SIDDAN,3.258906,
SIDHUJ,0.470657,
SIDTAD,6.076294,
SIFGAS,3.824706,
SIFHIY,0.000000,
BOWJIG,1.254211,
SIGLID,1.235980,
SIHPUW,3.986907,
SIHTAH,0.066237,
SIJQEK,4.876599,
SIJQIO,4.742661,
SIJWOZ,1.121906,
SIJZIV,2.494381,
SIKRAG,4.490097,
SIKTOV,3.145704,
SILKEG,3.938885,
BOWXAN,0.103480,
SILVUG,1.619590,
SILWAN,0.949386,
SILWER,0.844186,
SIMDUO,3.758262,
SIMFUQ,1.928128,
SIMKEF,1.527579,
SIMREN,1.911920,
SIMWER,2.756603,
SINTIU,3.119262,
SIQTAQ,1.503092,
BOWXER,0.221538,
SISJEK,2.007978,
SISYEA01,2.419291,
SISYIE,2.364465,
SITKUC,5.427790,
SITQIY,1.881046,
SIWDOR,1.772441,
SIWNEU,3.431454,
SIWXOL10,0.414448,
SIWXUU,0.002939,
SIXKOC,2.662594,
BOXDEA,2.060920,
AFIPIQ01,4.596983,
SIXKUI,1.741668,
SIYCAH,3.744502,
SIYYIJ,3.662718,
SIZCUC,2.944415,
SOBFOH,3.280001,
SOBVAH,0.032982,
SOBXEO,2.820245,
SOBXIS,2.846059,
SOBZAN,4.937206,
SODQIN,4.816628,
BOXSOZ,1.919393,
SODWOX10,0.000000,
SOFNIL,2.735017,
SOGQIQ,3.067167,
SOGQOW,1.236916,
SOHDUP,2.410588,
SOHQAI,5.156490,
SOHXIZ,3.147604,
SOHYOG,2.494062,
SOJCEZ,1.428546,
SOJLAH,2.493634,
BOYYIZ,1.570514,
SOJLEL,2.089158,
SOKCIG,1.619735,
SOKZID,4.758275,
SOKZOK,4.632762,
SOKZUP,4.345986,
SOLPIT,3.491474,
SOMFIM,4.982217,
SOMROD,0.776529,
SOMSEV,1.671502,
SONFEJ,3.508037,
BOZDOM,6.212282,
SONFIN,3.301847,
SONGOS,2.957605,
SONNAM,3.634144,
SOPCIM,3.130056,
SOPDIK,2.348928,
SOPKAK,1.548403,
SOPLEO,2.262684,
SOPSEV,1.302687,
SOQHAH,8.303102,
SOQXAX,3.359063,
BOZDUS,6.223073,
SORCOT,4.374651,
SORGUD,0.151730,
SOVJUL,3.114287,
SOVLEX,1.227055,
SOVXEG,1.244322,
SOWWUW,4.665597,
SOWYEL,2.286568,
SOXQIH,3.127387,
SOXWIL,4.607618,
SOYSAC,3.956132,
BOZGAZ,4.892154,
SOYSIK,3.903486,
SOYYIQ,2.653590,
SOZZUC,1.314616,
SSOXAM02,0.000155,
STYRAZ,1.959920,
SUBBOI,4.142911,
SUCPYR11,3.868610,
SUDJUY,1.360915,
SUDKAF,0.672845,
SUDKEJ,1.985993,
BOZLAD,1.421259,
SUDQIT,2.628149,
SUDTUI,2.988338,
SUDVAQ,2.970749,
SUFHIK,1.905808,
SUFMOV,1.197605,
SUGBUT,2.628892,
SUGXAU,1.761278,
SUHNIV,3.919092,
SUHRES,4.465754,
SULVON,2.708261,
BOZSER,2.207901,
SUMCUZ,2.825399,
SUNDEK,0.107742,
SUNDIR,4.758329,
SUNRAV,1.557117,
SUPWIJ,0.278771,
SUPXIN,3.215422,
SUPXOT,4.349277,
SUPYIM,2.884426,
SUQBIR,1.099053,
SUQDAJ,1.193249,
BOZSIV,2.874971,
SUQFUF,0.009017,
SUQGAM,1.427051,
SUQGEQ,0.003156,
SUQPAV,2.532052,
SUQPEZ,2.793772,
SUQYUA,5.041943,
SURDOX01,1.579786,
SURGUK,3.056235,
SURKOF,1.540989,
SUSCIS,5.308690,
BOZSOB,2.809110,
SUTPEE,2.071760,
SUTVIM,1.541315,
SUTXOU,3.470756,
SUVDUJ,0.296237,
SUVFAR,0.307052,
SUVTEL,5.977847,
SUVTIP,3.447988,
SUVVAI,2.678103,
SUWFUL,4.104457,
SUWYEP,2.043998,
BOZSUH,1.916365,
AFIXAQ,3.266021,
SUXHAX,2.298739,
SUYSOW,1.278642,
SUYTAI,1.716253,
SUYTAJ,1.957350,
SUYWOZ,3.822801,
SUYXAM,1.444290,
SUZFID,1.909842,
SUZJAY,2.168517,
SUZLIJ,2.444401,
TABBAZ,0.121025,
BTSTTZ,1.675150,
TABMUH,2.613807,
TABVAT,0.751809,
TABVEX,2.413333,
TACDOS,2.025397,
TACETY,0.004824,
TADMIV,2.889078,
TADNOC,4.433282,
TADQOE,1.793131,
TAFPEX,3.630350,
TAFSIF,2.391977,
BTYPOD,1.393618,
TAHKEU,2.914679,
TAHSIG,4.008892,
TAKFAM,0.896939,
TAKHOF,0.001308,
TAKHUL,0.000120,
TAKJAT,0.013799,
TAKJEX,0.001645,
TAKRIG,4.953831,
TALKOG,1.123053,
TAMCRT,3.811479,
BUBBAC,2.646200,
TAMSEG,2.268775,
TAMXUD,5.525992,
TANZIS,1.755522,
TANZUE,0.558838,
TAPMOO,2.155415,
TAQRAH,1.162111,
TAQWOX,4.731081,
TARGOJ,1.880914,
TARNUW,0.000004,
TARYIU,4.093543,
BUBBOQ,4.014853,
TASJUV,1.412157,
TASKAA,0.693310,
TASTAK,2.128213,
TATFOJ,2.570541,
TATRAH10,1.651431,
TAVHAB,2.081532,
TAVJOR,3.013107,
TAVJUX,2.772763,
TAVKAE,3.038572,
TAVXAS,1.305219,
BUBBUW,6.206295,
TAVXEW,1.684170,
TAVYEX,0.000000,
TAVYIB,0.051068,
TAVYOH,0.000000,
TAWLOS,1.953236,
TAXDUT,1.910689,
TAXMEM,1.962663,
TAXMIQ,1.850511,
TAYNOY,1.307242,
TAZCAZ,0.052532,
BUCCEK,1.743953,
TAZZIF,5.211600,
TBCMTP,2.964757,
TBPMTK10,0.204938,
TBUSAN,3.088893,
TCANTQ,0.000000,
TCDEDO10,0.607891,
TCMPCQ01,2.525231,
TDBUDO,0.299275,
TEBFUE,2.481109,
TECMEW,5.070391,
BUCNIW,0.368213,
TEDJOE,2.116287,
TEFGAM,3.453120,
TEFLAU,2.663084,
TEFREC,2.634792,
TEGNUR,0.921615,
TEGVAF,6.023998,
TEGXOT,3.487863,
TEJQIJ,0.100568,
TEJRIM,0.993480,
TEKMUU,2.654909,
BUCXEE,2.607979,
TELGUO,5.961118,
TELJEB,2.180338,
TEMPIK,1.135076,
TENPIO,1.555055,
TENPOT,1.310424,
TENZEU,2.486519,
TEOSHE10,0.031261,
TEQXET,1.493357,
TEQYEU,4.867479,
TERCOL,6.228618,
BUDLAO,3.696399,
TESJEJ,4.738925,
TESJIN,4.655901,
TETHIM,3.305325,
TETRUG,2.960530,
TETZUP,3.557610,
TEVPIU01,4.366394,
TEVWIB,5.789697,
TEXJEM,0.166799,
TEXRUK,4.230914,
TEZQEV,3.016191,
BUDVII,3.522099,
AFOBEE,1.768151,
TEZRUL,1.737256,
TIBLIA,3.289863,
TIBWUY,3.391128,
TICMUP,3.104162,
TIDCIS,2.288726,
TIDHEV,2.708251,
TIFQAD,4.829259,
TIGNIJ,3.075986,
TIGPUW,5.193643,
TIGQIK,2.140035,
BUDZIK,3.458796,
TIHBEU,3.792668,
TIHFIA,0.612487,
TIHJIE,3.854803,
TIHJOK,0.000000,
TIHSOT,0.036839,
TIHSUB,1.992381,
TIJJAX,5.213263,
TIMSIR,2.163222,
TIMVIU,2.971251,
TIMVOA,2.597547,
BUFBAG,0.642665,
TIMVUG,2.185908,
TINDID,1.253133,
TINNIP,3.871394,
TIPHOR,2.768786,
TIPTOB,1.683682,
TIPTUH,1.636747,
TIQQIV,2.732583,
TIQVIZ,3.564503,
TIRMEN,3.576188,
TIRNAK,
BUFFAJ,3.131265,
TIRZAX,5.681713,
TITKOZ,3.825617,
TITLEO,4.104058,
TITNEP,2.304694,
TITNIW,3.438165,
TITXIF,2.237437,
TIVBEG,0.814111,
TIVDAE,3.948879,
TIVPEW,3.458768,
TIVROF,3.582946,
BUFFAL,2.169219,
TIVXEE,1.962000,
TIVXII,4.607552,
TIVYUV,4.874138,
TIWNIY,5.097708,
TIXCEL,5.301031,
TIXSID,1.743597,
TIXTEZ,1.524451,
TIXYAB,6.641943,
TIYQID,2.974838,
TIYRAW,2.359472,
BUFFEP,2.050161,
TIZPOH,0.643109,
TMAZPZ,1.111002,
TMBDSE,0.000000,
TMCBDT,0.008493,
TMCBOT,
TOCBOF,3.583007,
TOCXAN,3.683997,
TODBUJ,0.654710,
TODSIR,2.732352,
TODSOX,2.889019,
BUFJET,1.360786,
TOFFID,1.751133,
TOFKEE,3.722922,
TOFPAI,1.346367,
TOHCAW,0.546245,
TOHJUV,0.747556,
TOKDAA,1.913447,
TOKDEE,1.930701,
TOLFAB,1.103863,
TOLFAE,5.208956,
TOLHUZ,1.182015,
BUFLUL,0.631545,
TOLMAL02,3.224988,
TOLNAK,0.000563,
TOLNEO,1.721728,
TOLNIS,1.907534,
TOLPSO,3.163511,
TOLPUH,2.295331,
TOMPAN,2.960429,
TOMRET,3.252084,
TOMVIC,3.881980,
TONGEL,0.913956,
BUFVII,1.507986,
TONJAK,2.939051,
TOPBEG,3.251206,
TOPBIK,4.022168,
TOPQEV,1.682184,
TOPXOO,2.856047,
TOPYOO,3.245445,
TOQFAJ,4.292028,
TOVVAD,4.721483,
TOVVEH,4.020310,
TOWPUT,2.472790,
BUGBUB,1.051066,
TOYBAK,1.795240,
TOYKIE,3.773895,
TOZREI,6.441693,
TOZZOZ,4.150078,
TPCMOM01,3.018151,
TPCPYL,3.681918,
TPIMVP,3.963978,
TPMALP,3.367667,
TPPTHK,3.189055,
TPSCNM,3.154871,
BUJNOL,4.312265,
AFOJIQ,2.811525,
TSEFUL01,0.054306,
TUBTAO,3.608168,
TUBTES,3.245547,
TUCFEF,2.945451,
TUCHAB,0.143667,
TUCQUG,1.981674,
TUFWAS,0.000003,
TUGGUZ,2.071411,
TUGMEO,2.279990,
TUHDUV,0.215184,
BUKDAM,5.254078,
TUJSOJ,2.265964,
TUKBUW,3.143356,
TUKDAF,3.165133,
TUKGIS,4.121293,
TUKYEG,2.936685,
TULKIX,1.688435,
TULRUN,2.451476,
TULVEE,3.851741,
TUMSOK,1.567400,
TUNTON,0.119912,
BUKFOC,4.475025,
TUPKEV,2.209448,
TUPMEX,3.270141,
TUPVOP01,5.605928,
TUPZEJ,0.374610,
TUQKAS,0.898114,
TURBOZ,4.378489,
TURBUF,5.609006,
TURLAV,1.443553,
TURLOH,0.000000,
TURQAA,3.897354,
BUKSOP,1.297748,
TURQEE,4.124975,
TURQOO,5.062045,
TURWAG,3.040976,
TURWIO,4.087183,
TUSREG,2.917207,
TUTGOH,2.394650,
TUWDOF,2.823962,
TUWDUL,2.703657,
TUWFUO,4.464353,
TUWLUS,1.559646,
BULBEP,1.062183,
TUWPOS,3.483914,
TUYKAZ,1.912550,
TUYLOO,1.255149,
TUZYUI,1.277124,
UBAHAJ,0.000098,
UBAKAM,3.572104,
UBAKEQ,1.322913,
UBEFAK,2.009036,
UBIDOY,1.300384,
UBIDUE,1.063245,
BULCIU,1.286397,
UBILEW,1.824799,
UBOCEV,3.235011,
UBOZES,2.290554,
UBOZIW,1.806867,
UBUMIQ,2.382267,
UCAGEM,5.782349,
UCAHOX,3.427572,
UCAVUS,3.477661,
UCAXEE,3.398840,
UCAXUR,2.726864,
BUNQIM,1.339613,
UCECUC,2.311614,
UCEFEN,1.255708,
UCINAY,5.392346,
UCINIG,5.322332,
UCISAB,0.214265,
UCIVAD,0.814539,
UCIVUY,3.590008,
UCIXAG,3.568985,
UCIXEK,3.013429,
UCIXOU,2.861875,
BUNREK,7.830488,
UCIYIQ,1.295818,
UCOMIJ,2.810950,
UCOPIO,3.337291,
UCOXEQ,2.845470,
UCUSUG,2.011768,
UDADOU,3.786733,
UDAGEL,1.322637,
UDAHOX,4.376936,
UDAJIV,2.071793,
UDAJOY,1.177109,
BUNXAM,3.803554,
UDETAY,3.132080,
UDIJOJ,4.643086,
UDOMEI,2.812876,
UDUBAX,0.238536,
UDUSOE,1.280516,
UDUSUK,0.746002,
UFAYUW,0.171163,
UFEPEB,1.689528,
UFEXUB,1.475858,
UFIGEY,2.426093,
BUPQOT,2.114787,
UFIGIC,2.519686,
UFODID,3.140629,
UFODOJ,2.617044,
UFONIO,1.998261,
UFOPUC,1.506708,
UFUVAU,3.369520,
UFUVEY,3.430285,
UGATUU,0.812270,
UGAWAD,0.108015,
UGAWIL,3.872368,
BUQRAJ,5.623205,
AGAJOI,0.009814,
UGEMUO,3.105338,
UGESEH,0.010156,
UGESIL,2.658472,
UGEZOY,5.570850,
UGINAC,0.296515,
UGIVIQ,1.921447,
UGIZOA,5.384639,
UHAJOC,3.185914,
UHAKET,0.135426,
UHIFEZ,7.959921,
BURWAM,1.111592,
UHITOV,6.562679,
UHOBOJ,0.514954,
UHOJIK,0.000000,
UHUMIU,0.780647,
UHURAR,1.950876,
UHUVEA,1.770020,
UJECIW,2.981554,
UJOFIJ,5.512587,
UJOKAG,3.823841,
UJUYAA,1.276257,
BUSFIE,2.792040,
UKEFOF,0.395906,
UKONIT,1.498619,
UKOQUG,4.056021,
UKOTAR,3.644082,
UKOXIB,3.875733,
UKUJIU,0.495007,
UKUWUU,2.369095,
ULAXIQ,1.343840,
ULAYUD,1.048101,
ULEFUN,4.031289,
BUSZIA,3.109877,
ULEKAZ,1.497047,
ULEROT,3.060649,
ULICOI,3.666174,
ULIHAZ,5.588806,
ULIWES,6.955307,
ULUTEB,4.518572,
UMOMAL,1.531635,
UMUKEU,7.867068,
UMUMAR,1.519992,
UNEXES,1.019507,
BUTDIF,3.604241,
UNIYOF,0.409644,
UNIYUL,1.801081,
UNOFIM,2.489604,
UNOFOS,2.514401,
UNOMAL,3.190871,
UNOWAW,1.980339,
UNUHOC,2.305057,
UPAVOX,2.065052,
UPAWUE,0.001610,
UPEFAX,1.815181,
BUTQOW,3.700408,
UPEQAJ,0.515550,
UPIHAD,8.129102,
UPILIQ,1.408838,
UPORIC,4.623679,
UPOROI,1.376834,
UPUKAT,3.408162,
UPUYAH,2.845892,
UQAFAV,3.126726,
UQAFEZ,1.672957,
UQEDOL,3.914353,
BUVBAX,3.509774,
UQEGED,3.264648,
UQEQEO,1.884623,
UQESAL,2.472209,
UQIROD,2.061031,
UQOVUS,1.600627,
UQUBAL,3.371867,
UQUDOB,7.083833,
UQUNEB,3.560234,
URADUO,2.254985,
URAFIE,2.890850,
BUVBEB,3.493451,
UREJIM,2.095518,
UREWEU,1.163069,
URIPUH,3.084830,
URITAS,3.570814,
URUMAW,0.001555,
USEWEW,4.393595,
USIJUC,3.015408,
USINEQ,3.057716,
USIXIE,5.364668,
UTAMIN,1.222687,
BUVBIF,3.177104,
UTETIX,3.007680,
UTIGEK,2.855348,
UTISEW,1.947130,
UTOKOE,1.958956,
UTUCIX,0.615584,
UVADOL,0.001122,
UVANAI,3.789427,
UVAWEU,1.498179,
UVUBOD,1.282920,
UVUSOU,0.000000,
BUVKAF,3.272939,
UWELIT,0.110318,
UWIZUW,1.637698,
UWOCOA,0.172621,
UXINIA,4.235388,
UXOJOH,2.605648,
UXUGOK,3.491109,
UXUHOL,1.897414,
UYATEV,3.545949,
UYUCUN,1.253400,
UYUDAU,0.879311,
BUVLAG,3.467883,
AGECIB,1.502788,
UZEREY,3.474008,
UZETID,6.236979,
UZIXEI,1.069393,
UZOZIU,2.112342,
UZUKUX,2.971868,
UZUPAI,1.783256,
VABLOD,3.183657,
VACVUS,3.178825,
VADKUI,2.013615,
VAGQIE,2.583822,
BUVREP,2.815190,
VAHFUI,1.640761,
VAJBOA,3.060739,
VAJFER,1.875287,
VAJPOL,1.191332,
VALNII,1.576512,
VALTOT,4.598580,
VAMJOJ,1.310640,
VANBOB,2.712480,
VANKAW,0.959270,
VAPQAG,3.283382,
BUVRIT,3.102544,
VAQKUW,0.138287,
VAQNEI,4.171249,
VARGOK,4.295513,
VARNUZ,0.000000,
VARVUF,0.569038,
VAVBAV,4.552051,
VAVBID,5.386218,
VAVSAN,0.335093,
VAWKIP,2.886725,
VAXDOQ,1.310660,
BUWHUY,2.085351,
VAXJIO,0.000000,
VAXPAN,2.379289,
VAZJIP,2.368937,
VAZKOY,2.640637,
VEBGOA,4.812366,
VEBLIX,2.767461,
VECWAB,0.566418,
VEDGOD,1.955152,
VEDSOP,2.763831,
VEDSUV,2.827165,
BUWTUI,1.093663,
VEDXOU,2.242588,
VEDZEJ,2.896829,
VEFFIX,1.845208,
VEFLIC,2.530010,
VEFSIJ,4.581922,
VEGLID,4.058400,
VEGMEA,3.370148,
VEGPOM,0.194348,
VEHRUW,1.467817,
VEKTIQ,2.627187,
BUWVEU,0.775893,
VEKWUF,3.688090,
VELJUT,2.844663,
VELPEK,2.080829,
VEMBOE,5.310299,
VEMFIC,7.287049,
VEMFOI,0.000000,
VEMGIG,0.000517,
VEMNEI,2.375302,
VEMNIM,2.214194,
VEMNUY,1.996681,
BUWYUP,1.855908,
VENJUW,5.020847,
VENQOV,0.803419,
VENWUJ,6.271426,
VENXAQ,6.339330,
VENXIV,5.170303,
VEPBAU,1.733200,
VEPZOI,4.404543,
VEQSIW,4.772938,
VERPOA,2.879025,
VERPUG,2.652465,
BUXMIR,3.099330,
VERQUE,0.166225,
VERYOH,1.854629,
VESQER,3.471020,
VESRAO,4.378382,
VESRES,3.471991,
VESYOJ,0.232257,
VESYUP,2.048430,
VESZAW,2.102200,
VETBIF,1.805496,
VETBUS,0.000001,
BUXTIA,2.375165,
VETFEI,5.752774,
VETPAM,1.896076,
VETPEQ,4.539121,
VEVVUQ,2.757402,
VEVWIF,3.058161,
VEVXIF,2.400389,
VEWPUJ,2.301029,
VEWQAQ,2.110574,
VEXNOB,2.818822,
VEXWEC,2.432968,
BUZKOW,1.307312,
VEYRID,3.608616,
VEYRUP,3.112142,
VEYTOL,3.518416,
VFZLNB,1.868288,
VIBJAR,2.876597,
VIBLOK,2.463633,
VICGIY,0.510442,
VICGOE,5.099634,
VIDDEU,
VIFFEW,6.107831,
BUZKUC,1.934253,
AGEDAT,3.735193,
VIFRAG,8.632271,
VIFROU,5.094654,
VIGQAG,3.772348,
VIJLOS,0.698983,
VIJTUG,4.454846,
VIJVAO,3.501671,
VIJVES,0.054409,
VIJVIW,4.767800,
VIJVOC,3.711139,
VIJWAP,2.654595,
BYMBPY,3.609035,
VILNIQ,2.404647,
VILZEW,4.143654,
VIMLOT,2.877332,
VIMLOV,5.544150,
VIMMAH,1.671928,
VIMMUB,2.123689,
VIMPUF,1.804623,
VIMVES,0.002588,
VINKUB,3.935665,
VINTER,1.465903,
BZHTSC,3.955571,
VINVOG,3.127358,
VIPSEU,0.265766,
VIPSUL,3.564755,
VIPZOL,0.335515,
VIQPAP,1.739306,
VISHEN,1.814722,
VISPIX,2.455809,
VISQUK,1.973963,
VISWEB,1.430946,
VISWIF,1.232785,
BZILBY,1.988126,
VITTID,4.487889,
VIVJOC,4.226389,
VIVJUI,4.395003,
VIVQEX,2.449441,
VIWCEK,1.597548,
VIWFOZ,0.090515,
VIWPUO,3.643487,
VIWVAY,1.940772,
VIYPEB,0.926459,
VIZDEP,3.538836,
CABGIZ,3.198141,
VIZWIL,4.293144,
VIZXOU,3.990898,
VNLANT,1.165451,
VOACGA01,2.667168,
VOBHAV,3.030083,
VOBKOM,0.954664,
VOBNAE,0.102593,
VOBXIV,5.640057,
VOBXOB,5.381277,
VOCVIU,3.043245,
CABJEW,1.439944,
VODVOZ,4.072323,
VODWIU,3.391033,
VOFTOZ,2.324185,
VOFXAP,1.980217,
VOGFEC,4.154443,
VOJDEE,0.749643,
VOJHIM,0.000005,
VOKBON,1.635808,
VOKBUT,1.674876,
VOLBEG,3.060205,
CABPUQ,0.988286,
VOLBOQ,3.701559,
VOLLIS,3.422206,
VOLLOY,3.713424,
VOMTIA,1.673475,
VONPAS,1.279167,
VONXAA,2.185076,
VONXOO,2.484900,
VOQWUU,2.795958,
VORDUB,4.000642,
VORFAL,2.869057,
CABQII,1.990913,
VORLUK,0.351750,
VORMUL,1.304514,
VOSNOJ,1.207939,
VOTTON,4.815580,
VOVXOV,1.977219,
VOWRIK,2.947971,
VOYFEX,3.111815,
VOZLEE,2.779974,
VOZNAC,1.469493,
VUBDAA,5.718678,
CABQUT,1.901770,
VUBDEE,4.783218,
VUBDII,6.730207,
VUCGEH,1.509104,
VUCHIK,2.982026,
VUCWEW,1.508756,
VUDVIB,1.603717,
VUDVOH,2.385936,
VUDWAU,2.536231,
VUFHOV,2.915483,
VUFHUB,3.497355,
CABROO,0.818721,
VUGWEA,5.011918,
VUHKUE,2.787107,
VUHTAW,2.230964,
VUJKET,2.874522,
VUJSUO,2.956799,
VUKHUE,2.541207,
VUKQAU,0.000000,
VUKQEY,0.000000,
VUKQIC,0.000000,
VUKWUW,1.561204,
CABVEH,1.196645,
AGEFEZ,0.572368,
VUMRIG,0.000000,
VUMRIH,4.961444,
VUMZOV,2.108143,
VUMZUB,1.804646,
VUNFIU,4.543579,
VUQFUL,6.859144,
VUQGAS,3.558307,
VUQGEW,3.644878,
VURDUK,7.708868,
VURRIL,1.667610,
CACYOU,5.723292,
VUSLEB,0.369694,
VUSMOM,3.080889,
VUSNED,1.337501,
VUSRIK,3.072795,
VUTGAS01,1.095468,
VUTTUA,3.433397,
VUVFAW,0.499653,
VUXSUE,1.349000,
VUXTIU,2.043095,
VUXZAR,4.121403,
CADJEY,3.465112,
VUYGAX,4.744314,
VUYGUR,1.006585,
VUYHAY,0.997195,
VUYTUE,1.134638,
VUYVAP,1.898771,
VUYVIX,1.997494,
VUYWUH,
VUYYIA,5.541926,
VUZGAZ,5.745358,
VUZPEM,1.648510,
CADNUS,2.553699,
VUZVAO,5.709192,
VUZXAQ,5.683475,
WACJOZ,8.520869,
WACRIC,0.911121,
WADNIA,2.322406,
WADQID,1.134139,
WADSAX,3.842894,
WADYUX,3.569505,
WAFFIU01,0.287703,
WAFLUM,0.534512,
CADPAA,2.507741,
WAFNUP,3.189537,
WAFTEE,4.231936,
WAFWEI,4.644799,
WAFWOP,1.190039,
WAGDOX,2.403218,
WAHHUI,0.000598,
WAHPAW,0.873870,
WAJKAT,2.767486,
WAKGUL,3.424330,
WAKHOG,5.265866,
CADPEE,2.581148,
WAKWIP,3.783473,
WALWAK,5.438590,
WALZUF,0.716730,
WAMBAO,1.733813,
WAMVIQ,2.787262,
WAMVUC,0.005698,
WAMWAJ,2.147279,
WANJEA,1.228149,
WANTIQ,2.139311,
WANTOW,0.373452,
CADVEK,3.293375,
WAPLIJ,2.673272,
WAPLOP,3.691438,
WAQMOR,2.570140,
WAQPUA,0.000000,
WARKAE,3.246401,
WARWIX,5.622581,
WATKIL,0.354521,
WATTEQ,4.405685,
WATTIX,1.921701,
WATTOD,2.002576,
CAFMAX,1.216161,
WATXAQ,4.427768,
WAVNEO,1.732428,
WAXCAB,1.839374,
WAZYUR,
WEDBUE,2.467223,
WEDVAC,1.108220,
WEDWOS,0.348451,
WEDZEN,1.369522,
WEDZOX,1.669764,
WEFHOF,0.942193,
CAGGAV,2.137173,
WEFKIE,2.617162,
WEFREG,2.834861,
WEFTAF,1.572998,
WEFVUB,1.920154,
WEGTUZ,1.776681,
WEGVEL,1.420440,
WEGVUB,2.028086,
WEGWEK,2.434988,
WEHHIB,2.898545,
WEHHOJ,2.231137,
CAGGIA01,2.470611,
WEHHUP,6.461723,
WEHLAX,4.333432,
WEJCOE,5.056998,
WEJCUK,5.271597,
WEKZOB,2.550411,
WELCIC,2.787082,
WELCOI,2.174909,
WELCUO,2.197298,
WELDAV,1.899918,
WELKEE,0.631898,
CAGQOT,4.456534,
AGEGEA,3.449106,
ABOFUT,3.004063,
WELLIL,2.654313,
WELYAN,2.670426,
WEMQOU,1.168214,
WENHAZ,0.262205,
WENHED,0.275161,
WENJAA,2.421127,
WENSIT,0.123873,
WENYUM,2.452018,
WENZUN,3.160569,
WEPBAX,3.105572,
CAGZAO,4.996335,
WEPBEB,3.135689,
WEPBIF,3.112619,
WEPBOL,3.108647,
WEPSIW,1.929959,
WEPZEW,1.356188,
WEQKUY,7.113156,
WERWOG,0.189255,
WESLIS,2.941091,
WETDAD,0.001484,
WETHIM,0.000000,
CAGZES,5.015905,
WETPUH,1.775568,
WEVSUL,0.001045,
WEVTOH,4.490196,
WEVWOK,1.320108,
WEVZUS,2.874083,
WEWGAJ,3.736294,
WEWHOV,0.000342,
WEXKOB,1.313851,
WEXKUH,1.177044,
WEZFEM,0.000000,
CAHWUF,1.525042,
WEZJIX,1.879259,
WEZPOG,1.436211,
WEZZUW,2.799941,
WIBMIF,5.266007,
WICKEB,2.779153,
WICKIF,2.191012,
WICLIG,2.855841,
WICZOA,2.099204,
WIDDUL,2.173711,
WIDTIM,1.800278,
CAHXER,6.734589,
WIFKUU,2.455607,
WIFLAB,2.922303,
WIFLEF,2.366117,
WIFLIJ,3.619341,
WIFREI,1.930962,
WIFVAJ,1.525075,
WIFXUH,2.568373,
WIHFIE,3.429599,
WIJSEN,1.615174,
WIJVAO,1.321328,
CAJSIS,0.038360,
WIKDOJ,0.234643,
WIKJUV,1.931567,
WILKAG,2.035678,
WILPEP,4.800865,
WILTIV,1.930388,
WIMCUT,1.906778,
WIMFEF,1.637571,
WIMFUT,0.003863,
WIMGAC,1.775448,
WINRIU,1.107070,
CAJSOY,0.029214,
WINWAR,2.223740,
WINWOF,4.542688,
WIPSAS,1.969538,
WIPSEW,2.025397,
WIPVUM,0.287501,
WIQDUY,2.286908,
WIQTEY,1.847116,
WIQTIC,1.549407,
WIRKUD,0.012758,
WIRMIT,3.327191,
CAKLAE,0.241238,
WIRMOZ02,4.909212,
WIRNIU,1.494828,
WIRNIX,0.768771,
WIRZAY,3.867776,
WISFOT,3.571378,
WISXUR,3.470422,
WISYAY,4.543478,
WITYAC,4.412535,
WIWBIN,2.977406,
WIWKEV,4.994056,
CALDOL,2.213276,
WIWKIZ,4.878128,
WIXGUH,0.031444,
WIXMOH,4.505161,
WIXMUN,6.327724,
WIXNAU,5.931073,
WIYBIQ,0.913110,
WIYBOW,3.133407,
WIYBUC,4.148279,
WIYCAJ,3.315151,
WIYCEN,2.997327,
CALZOF,1.596644,
WIYPUQ,3.863365,
WIYVEG,2.196248,
WIZQAX01,3.077655,
WIZVEH,3.392214,
WOBVEQ,0.617621,
WOCDAU,3.666626,
WOCROW,1.436664,
WODYEU,1.563888,
WODYIY,1.335985,
WOFBIF,5.252194,
CAMGAA,1.276721,
AGEPIN,3.221950,
WOFCAY,1.847255,
WOFKAE01,3.839403,
WOFKAG,2.644201,
WOGDUT,2.040760,
WOGRIT,2.372027,
WOGTAP,3.902426,
WOGTES,1.571316,
WOGTUK,4.183082,
WOGWEW,2.280741,
WOHWUN,3.482433,
CAMWEU,2.850470,
WOJSIZ,4.042524,
WOJVAU,2.582570,
WOJWOJ,3.257223,
WOKMUG01,0.211102,
WOKPIX,4.182914,
WOKYIH,2.022434,
WOLSAR,1.943870,
WOLZON,2.697744,
WOMHOV,1.635501,
WONFEM,0.786611,
CANCEC,0.815616,
WONQOF,1.743733,
WOQSEA,0.373431,
WOSFIW,3.114962,
WOSFOC,3.123429,
WOSFUI,3.247413,
WOSGIX,3.132784,
WOTQIF,0.734659,
WOVCUF,2.724350,
WOVTAC,3.946269,
WOYRIL,3.903973,
CANJAD,1.847171,
WOYZOC,2.372012,
WOZJED,1.746729,
WOZKAA,2.176683,
WOZWAL,1.966884,
WUBJEK,2.303432,
WUCFEH,2.473411,
WUCGOT,1.476650,
WUDQEU,1.771191,
WUDYEA,3.275726,
WUDYIE,2.403862,
CANKIM,0.849858,
WUFXUR,3.174177,
WUFYAY,3.174623,
WUFYEC,3.178107,
WUFYIG,3.172718,
WUFZAB,0.021554,
WUGNAQ,7.844777,
WUGSEY,2.505825,
WUGTOJ,1.770220,
WUGTUP,1.029305,
WUGVAX,1.183826,
CANTRQ01,0.000000,
WUGVEB,1.524419,
WUHZUU,0.997104,
WUJGEP,1.843012,
WUJMIX,1.735793,
WUJTIG,0.136668,
WUJTUS,4.170214,
WUKHER,0.022740,
WUKHIV,0.693237,
WUKHOB,0.274305,
WUKHUH,0.256469,
CAPFAC,3.621255,
WUKJAP,0.591853,
WUKJET,0.000000,
WUKWIJ,2.905714,
WUMFUF,2.211372,
WUMPEZ,0.211915,
WUMXAF,3.574981,
WUNBUD,3.211121,
WUNWOR,1.171621,
WUPKAU,2.120823,
WUPKOJ,0.788404,
CAPFII,1.751840,
WUPYEM,0.464089,
WUQGAR,0.029370,
WURLAY,1.338401,
WURPEG,2.473750,
WURWIP01,3.901671,
WUSCAP,0.000000,
WUSCET,0.000008,
WUSDIA,7.410199,
WUSJOM,2.349405,
WUSZER,0.245881,
CAPJOV,4.459023,
WUSZUG01,2.220854,
WUTPEH,3.611419,
WUTSEK,3.277909,
WUTWEO,4.442999,
WUVXOA,1.810125,
WUXMOU,1.951972,
WUXNOV,0.734067,
WUXQUE,2.011564,
WUXYAR,1.981916,
WUZTIX,2.596271,
CAQTOF,1.602358,
XABXOP,1.588356,
XACBEK,0.088419,
XAFBIS,2.068070,
XAFDIU,7.235059,
XAFMIC,0.000000,
XAFNAV,1.465809,
XAHLIE,3.576087,
XAJPIK,5.403613,
XAJPUW,5.363894,
XAJXUE,6.406278,
CARNOY,2.553398,
AGESIR,0.880684,
XAJYAL,6.744805,
XAKFEX,2.593075,
XAKQOP,1.803828,
XAMJEC01,2.116107,
XAMKUU,1.025380,
XANQIP,0.000000,
XANRUB,1.898373,
XAPBOF,3.674240,
XAPKUU,0.002464,
XARHEE,0.000000,
CARWAW,4.202243,
XARHII01,0.000000,
XARROZ,3.942441,
XARXIZ,7.678056,
XASRAK,2.051377,
XATMIR,
XAVGUZ,2.621004,
XAVSES,1.561494,
XAVZOM,3.025317,
XAWDOP,0.000000,
XAXVIE,2.683092,
CATQIX,3.166667,
XAXVOK,2.211447,
XAXWAX,2.583801,
XAYPOE,1.678985,
XAYSOH,7.901350,
XAYTIC,2.605116,
XAZGIQ,3.766911,
XAZHAI,1.568168,
XAZHUE,3.019804,
XAZLOB,2.304116,
XBPINO,2.057514,
CATROH,4.450640,
XEBBOX,3.025931,
XEBCEP,0.324390,
XEBCIR,2.256940,
XEBDEQ,0.289598,
XEBLUN,2.130777,
XEBVUY,3.467445,
XEBWUW,0.000001,
XEBWUY,3.012074,
XEBYIP,2.591539,
XEBZAI,3.513599,
CATXEA,0.530396,
XEDDOC,3.315754,
XEDNIF,0.875086,
XEDSAB,1.929796,
XEDWEI,0.000000,
XEDWIM,0.433619,
XEDWOS,0.658303,
XEFLUP,0.007771,
XEHLAA,1.450515,
XEHLUS,3.820136,
XEJRUC,1.601097,
CAVJUF,0.788731,
XEJSOX,1.353642,
XEKHED,5.011151,
XEKLIL,2.564206,
XEKRIR,2.270606,
XEKSAK,3.437767,
XEKZOC,2.059320,
XEKZOE,0.962984,
XELBOH,3.679693,
XELBUN,3.851323,
XELJUU,3.032762,
CAWHAL,2.980610,
XELPIQ,2.946474,
XELPOW,3.959409,
XELPUC,0.819246,
XELRAH,3.248359,
XENWIX,1.487692,
XEPJIL,1.799200,
XERLUE,1.295740,
XERMOZ,0.000010,
XESROF,1.417002,
XESTEX,4.776932,
CAXNIB,0.036519,
XETHAI,0.002932,
XETMOB,1.974738,
XETMUH,2.832914,
XETNAO,2.597313,
XETNES,1.021198,
XETPET,4.220983,
XETQAP,0.304479,
XETROG,2.222378,
XETWAX,0.932965,
XETWEB,0.784495,
CAXSAY,5.260542,
XEVBUX,1.567395,
XEWCIM,2.777050,
XEXNOE,4.032043,
XEYRAW,1.783415,
XEYRUQ,2.875996,
XEYYAB,0.895765,
XIBPIK,0.864765,
XIBPOQ,0.721093,
XIBPUW,0.645041,
XICJUP,2.695321,
CAYPAU,2.280687,
XICKAW,2.650372,
XIDRAD,0.691972,
XIDXUF,4.012517,
XIFLAZ,0.612210,
XIHHIH,2.966871,
XIHYES,0.026251,
XIJCIE,1.882338,
XIJLEK,1.486214,
XILYEX,1.316320,
XINKOX,2.364116,
CAZFAM,0.000000,
AGIFAX,2.018199,
XINPER,0.002251,
XINQET,3.044022,
XINYEA,1.456272,
XIPFOS,2.559594,
XIPQUI,1.262298,
XIQCAD,2.913928,
XIQPAP,0.000090,
XISSAU,0.438198,
XITKUJ,3.364032,
XITPAU,4.494341,
CAZVIJ,0.894152,
XITVEB,1.448667,
XITWUT,2.435180,
XIVCIR,2.407726,
XIVGUG,1.778249,
XIVYOQ,0.002368,
XIWCOV,2.101890,
XIWJUL,3.279416,
XIWKEU,1.251492,
XIWLEV,1.265027,
XIZBOY,4.642043,
CEBPAC,4.890393,
XNSTHD10,1.119525,
XOBBIA,2.930169,
XOBVOZ,1.508106,
XOCCOK,5.867344,
XOCCUQ,7.440753,
XOCFEA,2.783711,
XODWOF,1.372871,
XOFXUL,0.327278,
XOGDED,2.689894,
XOGTUK,4.020510,
CEBQIL,1.392670,
XOJQAR,1.537556,
XOJQEV,2.437365,
XOJQIZ,1.959678,
XOKGEJ,3.035791,
XOKGOT,3.476272,
XOKJAL,1.995188,
XOKXED,2.247152,
XOMJUF,0.377936,
XOMTEZ,4.975141,
XONWOP,2.406408,
CECTIN,0.447354,
XOPCOV,2.981204,
XOPDEO,1.814128,
XOPDIR,2.128388,
XOPDUD,1.634454,
XOPGAN,5.089065,
XOPKOF,0.357778,
XOPZOR,2.516665,
XOQKIA,0.010508,
XOQVEH,7.689618,
XORNIC,2.883490,
CEDBUI,3.541917,
XORSEF,1.646173,
XORSIJ,1.160539,
XORSOP,2.639561,
XORZOU,1.945693,
XOSBEN,1.265163,
XOSBEO,2.427005,
XOSYUC,2.331393,
XOTCUF,0.469019,
XOTPAA,3.286701,
XOVNON,0.665449,
CEDDEU,4.621855,
XOVQIL,2.072819,
XOVQOR,0.623027,
XOVQUX,0.534248,
XOVRIM,0.905569,
XOVSOT,0.836502,
XOWJEZ,1.326928,
XOWROS,4.062092,
XOWVIR,0.001569,
XOXDEV,1.226287,
XOXMII,2.620362,
CEDRIA,1.843870,
XOXMOO,3.593623,
XOYBIZ,2.411923,
XOYBOF,3.992296,
XOYJED,2.292601,
XOYJIH,2.299857,
XOZFUO01,1.911155,
XOZJUU,4.462355,
XOZKAB,4.000143,
XOZSIQ,4.398572,
XUBDIH,1.980525,
CEDSOV,2.247057,
XUBMOY,2.835504,
XUBPUF,3.839680,
XUBQUG,3.594953,
XUBVEY,3.287484,
XUBVIC,3.640818,
XUBXOJ,2.485771,
XUDBII,5.195456,
XUDBOO,5.041978,
XUDVOI,2.326426,
XUFYAB,7.054400,
CEFJON,2.536128,
XUGLUG,0.000000,
XUGNET,0.033448,
XUGWOM,3.299893,
XUHFIS,2.186665,
XUHSIF,3.500532,
XUHSOL,3.500486,
XUKLIY,9.399550,
XULDUG,3.671189,
XUMFET,1.942435,
XUMMAV,1.943795,
CEFVAM,2.656413,
AGIFAZ,1.319200,
XUPPON,1.754374,
XUPYOX,0.196223,
XUQBUH,1.825401,
XUQMUU,6.786024,
XUQPEF,4.290974,
XUQPIK,1.176595,
XURZAL,1.366374,
XUSJAY,2.950175,
XUVWOA,3.494572,
XUWQUE,3.918255,
CEFXOB,0.064207,
XUWRAL,3.352353,
XUXVIX,2.135513,
XUXWAQ,2.277333,
XUYQEP,2.078078,
XUYQIT,2.005421,
XUYQOZ,1.774011,
XUYQUF,2.177684,
XUYRAM,1.064487,
XUYREQ,1.281900,
XUYRIU,4.904752,
CEFXUH,1.681172,
XUYROA,3.686934,
XUZQOA,2.184469,
XUZXIA,1.835192,
XUZYEX,0.000000,
YABTEA,1.621311,
YABWON,3.222804,
YADWOQ,3.351309,
YADXAD,3.123685,
YADXEH,1.617410,
YADXIL,1.149338,
CEFYAO,0.721947,
YADXUX,3.271999,
YAFNOI,0.747886,
YAFWIN,4.427359,
YAFYUZ,2.524057,
YAHCOZ,0.000000,
YAHPEE,2.179168,
YAHZUE,2.764014,
YAJWAI,2.784308,
YAJXAJ,3.153055,
YAKWEM,4.772724,
CEFYES,1.864185,
YALDOH,2.394308,
YALKEE,3.095614,
YALNIK,2.754013,
YAMGUO,2.396158,
YAMQOT,1.615867,
YAMRUB,5.478068,
YAMTOW,1.769288,
YANMIM,3.854647,
YANXOB,2.963843,
YAPHED,3.026286,
CEGBEX,3.055199,
YAPNAH,1.963379,
YAPNEL,1.784900,
YAPSUG,2.235524,
YAQBAW,1.266685,
YAQLAD01,1.452795,
YARZEX,5.841552,
YASQUF,1.034455,
YASRAM,1.048683,
YASYOJ,5.277796,
YATYEX,0.000000,
CEGCIC,2.446126,
YAVTAS,1.873998,
YAWGOU,1.720876,
YAWWAW,2.141406,
YAXJIS,1.236961,
YAYHOV,4.013284,
YAZHIQ,6.729562,
YAZPAQ,6.927758,
YAZSUN,1.420160,
YAZZAA,5.181524,
YECPON,3.299910,
CEGKOO,0.875519,
YECTAE,2.386710,
YECZAH,1.044456,
YEDRUU,1.517672,
YEDRUW,3.401219,
YEDSAD,3.297184,
YEHNUX,3.374523,
YEHVIQ,2.464496,
YEJQIN,2.542318,
YEKSOY,2.150692,
YELCUN,2.356837,
CEGNEJ,3.394261,
YELKEF,5.917280,
YELLAC,1.148108,
YELLIK,2.813576,
YEMSUH,0.278782,
YENZIA,2.550392,
YENZOG,2.278999,
YENZUM,3.974186,
YESCUV,3.008156,
YETDOT,3.359592,
YETMIW,1.352997,
CEGRIS,1.198973,
YEVZUX,2.374052,
YEWREA,1.419902,
YEXMUK,2.626057,
YEYSUR,3.678861,
YIBHUP,3.545826,
YIBJAX,3.595122,
YIBZOZ,3.511923,
YICDEU,3.647770,
YICHEZ,6.277903,
YICJUS,3.125159,
CEGROY,1.389737,
AGIMEK,4.273142,
YICREH,2.042133,
YICSAH,2.710078,
YIDGAV,2.391370,
YIDJIG,0.339071,
YIDJOM,0.878307,
YIDNOR,1.105424,
YIDXAN,1.650118,
YIFJIJ,2.444587,
YIGBEW,1.214929,
YIGQOV,2.307487,
CEGSAL,1.067173,
YIHCID,1.514216,
YIHHIG,7.332306,
YIHQEO,1.352454,
YIHVET,2.137983,
YIJCOJ,1.206490,
YIKFIH,0.226378,
YIKHAD,1.809365,
YIKZOJ,3.532500,
YILKUB,1.332915,
YILLAI,1.340910,
CEHBAS,2.586942,
YILMIS,1.740304,
YILNAL,2.033306,
YILTEU,5.212447,
YILWEV,
YILWEY,5.448820,
YILWIC,0.151255,
YILWOI,5.676130,
YINJEM,1.395455,
YINTUK,0.595491,
YINZIG,2.318672,
CEHVIU,2.061569,
YIPPAQ,2.774322,
YIPPEU,2.355725,
YIQGEN,2.815013,
YIQVEC,1.406104,
YIQXUT,2.414025,
YIQXUU,1.255626,
YIRKIU,4.167872,
YIRKUG,3.387574,
YIRPEV,4.884080,
YIRQOG,0.073360,
CEJQUD,4.103912,
YIRSAT,2.123674,
YISYEE,1.784363,
YITDOW,0.455463,
YIVJOF,2.261301,
YIVPAX,3.705947,
YIWFOB,1.824842,
YIWGAO,2.073589,
YIXBAL,1.268442,
YIXHAQ,0.446783,
YIXKUO,6.584140,
CEJWOD,0.969875,
YIXNUQ,2.282626,
YIYFAP,2.638579,
YIYNOL,2.025991,
YIYNUR,2.486226,
YIYVIO,3.695661,
YIYVOU,3.165994,
YIZGAQ,2.708652,
YIZQUU,0.046124,
YOBKIL,4.013564,
YOBPOX,2.460118,
CEKNEM,2.362921,
YOCJUX,2.793583,
YOCQOY,2.480393,
YOCROY,3.154482,
YOCWUL,3.126518,
YOCXAS,2.801605,
YODGAA,3.584555,
YODLIP,2.604884,
YOFNUD,3.991688,
YOFROB,0.000000,
YOGWOI,1.330970,
CELDUS,1.536950,
YOHDAC,3.198795,
YOHVUP,1.539265,
YOJLAL,1.601696,
YOJPET,2.395062,
YOKHEM,1.281339,
YOKMOC,3.066171,
YOKNOD,3.052476,
YOLJUG,0.000000,
YOMHEP,2.898394,
YOMREA,4.164723,
CELNEM,1.307044,
YOMROK,1.810074,
YOPKOD,1.255740,
YOPKUJ,1.167718,
YOSVIO,1.224042,
YOTFOE,2.435402,
YOTNUT,1.785887,
YOVHEY,3.853327,
YOVHIC,3.123171,
YOVWUD,1.350383,
YOYFOK,1.666963,
CELNOW,1.215186,
YOYNOS,3.729994,
YOYWAN,5.571183,
YOZCAU,5.697836,
YOZFOL,0.350130,
YOZFUR,0.224496,
YUBTAT,2.283073,
YUCDIL,4.312418,
YUCQIZ,2.515134,
YUCTAU,0.865586,
YUDRUL,4.087341,
CELPAK,1.480455,
AGOKAL,4.548774,
YUDSIZ,1.805024,
YUFBIM,4.706694,
YUGDOV,1.529574,
YUHRID,3.461352,
YUHVIG,1.091207,
YUJJIY,2.750104,
YUJKUJ01,1.655945,
YUJVEH,4.099764,
YUJWUY,1.603525,
YUKNAT,1.601037,
CEMHUY,2.361339,
YUMCOY,0.635055,
YUNHUK,3.702625,
YUNWOW,5.701346,
YUNWUC,5.615883,
YUNXAJ,3.855075,
YUNXUC,0.000000,
YUPMEC,2.438341,
YUQWUD,2.775066,
YUQYUH,2.016199,
YUSFEY,3.667417,
CENCUV,0.000040,
YUSLIK,0.001607,
YUSYER,2.406878,
YUTDOG,3.140163,
YUXDOK,6.210098,
YUXGIK,3.066349,
YUXROZ,2.644385,
YUYWUN,5.012603,
YUZGOP,1.363513,
YUZGUV,3.159833,
YUZJEJ,1.694752,
CERNAO,2.638015,
YUZLOU,0.672662,
YUZLUC,1.694362,
ZADFOC,1.750594,
ZADGAP,2.063000,
ZADGET,1.786702,
ZADGOD,2.136510,
ZADGUJ,1.926969,
ZADNEA,1.394636,
ZADNOK,2.229704,
ZAGMID,2.949590,
CESKUG,1.682211,
ZAJKAZ,3.729019,
ZAJPIM,3.587078,
ZAJZAL,1.939372,
ZAKDOH,1.813142,
ZALXUI,3.783705,
ZAMRUD01,2.768805,
ZANBEY,0.936311,
ZAPTUH,1.850036,
ZAQBUQ,4.064424,
ZAQKEK,6.410544,
CESXOQ,2.139663,
ZAQRIV,5.349589,
ZAQSEP,0.186770,
ZARCAZ,1.744113,
ZARPIU,3.306266,
ZASLEK,4.117629,
ZATBAZ,2.375965,
ZAVXOJ,0.910065,
ZAWGUC,0.005919,
ZAXSEY,3.677411,
ZAYHEP,3.261007,
CETLUI,2.586434,
ZAYTAU,3.473364,
ZAYTEY,3.517258,
ZEBREG,3.220438,
ZEBROQ,2.217244,
ZEBVEJ,3.911687,
ZEBVIN,4.074095,
ZEBWAG,4.047265,
ZECQUT,1.596008,
ZEFVUD,0.225886,
ZEGPEJ,0.000000,
CETRAV,3.643217,
ZEGQAG,3.680631,
ZEHPAG,1.890225,
ZEJSEP,1.402489,
ZEKYAS,2.133205,
ZELNUZ,3.915114,
ZEMHII,2.562658,
ZENSAP,4.143831,
ZENWUK,0.000000,
ZERCOQ,1.712426,
ZERJEL02,0.000011,
CETZUW,2.582545,
ZERJOV,2.614848,
ZESYUT,4.322010,
ZETHOV,2.128542,
ZETYIJ,2.798262,
ZEYTUV,1.926328,
ZEZYUB,3.175910,
ZEZZUB,0.640871,
ZIBDIA,1.145309,
ZIBVOX,1.954297,
ZIBYOB,5.867878,
CEVYUY,1.677977,
ZICGAT,0.000000,
ZICKOL,0.303154,
ZICRAG,1.659923,
ZICSEL,1.860366,
ZIDCOE,1.682059,
ZIGDEY,0.982400,
ZIHJUV,0.666812,
ZIHZAU,3.063745,
ZIJHUV,1.455135,
ZIJLOV,0.252273,
CEXSUW,1.919305,
AGOKEP,3.190231,
ZIKTUL,3.445705,
ZIKWOI,3.227665,
ZILFUY,2.132824,
ZILGAF,2.867938,
ZILKAG,1.700836,
ZILNIU,2.181903,
ZILRAP,5.129966,
ZILXOK,1.583724,
ZINPOB,0.277440,
ZINPUH,0.872439,
CEXTOR,2.766581,
ZINXIG,2.937971,
ZIPSEW,3.273027,
ZIQCOU,7.362764,
ZIQLET,1.042666,
ZIRLAP,1.755282,
ZIRWAB,2.635116,
ZISQAV,0.000012,
ZISWEG,1.284651,
ZISWUV,3.728185,
ZIVFEP,2.063327,
CEXTUX,1.476916,
ZIVSEF,5.406836,
ZIWFAP,3.389680,
ZIWSIJ,0.715439,
ZIWZIQ,2.329651,
ZIXYOX,3.149449,
ZIYBUH,2.512194,
ZIYSEF,0.000091,
ZIZLIG,3.508734,
ZIZZUF,2.426966,
ZOBPAH,6.530852,
CEYHOE,1.762247,
ZOBREQ,2.850323,
ZODSIX,7.611392,
ZOFSAR,1.728216,
ZOGCOQ,1.354267,
ZOGDAD,1.647366,
ZOGLEO,2.667375,
ZOGTIY,4.592734,
ZOGTOE,2.281384,
ZOHGAG,3.694262,
ZOHGIO,2.960181,
CEYPII,2.015041,
ZOHWOL,4.262146,
ZOKPAQ,1.914356,
ZOLMIZ,1.856027,
ZOLNAS,2.042070,
ZOLQAV,3.085568,
ZOLRUN,0.442933,
ZOLZIM,
ZOMPIC,3.923159,
ZONNOH,3.527423,
ZORLAT,3.211844,
CEZBUH,1.855176,
ZOSLAU,0.000046,
ZOVCIW,0.073303,
ZOWBES,1.527483,
ZOWJEA,3.227999,
ZOWJIE,3.638167,
ZOWJOK,3.798925,
ZOWJUQ,3.113967,
ZOXRIN,1.341297,
ZOYPAE,3.207988,
ZOYQIN,3.323081,
CEZQOQ,3.375861,
ZOYQOT,1.175268,
ZOZLEH,8.104664,
ZUBWAW,1.885695,
ZUFNOD,1.982594,
ZUFRAT,2.111700,
ZUFXEG,4.942798,
ZUHJER,6.108174,
ZUHZIO,2.165772,
ZUJFIW,5.073066,
ZUKBAL,0.000227,
CEZXOU,1.435187,
ZULLIE,7.459258,
ZULMUQ,3.668755,
ZUNTAD,0.087860,
ZUNTEH,1.298269,
ZUNXIR,2.905821,
ZUPCAO,1.064895,
ZUPCIW,1.751080,
ZUPYUG,2.652257,
ZUQFOJ,0.002967,
ZUQWOZ,0.439092,
CHOLSL10,4.287853,
ZUQWUF,2.929167,
ZUQYAN,3.395179,
ZUQYIV,3.211482,
ZUSSIR,3.248538,
ZUSVUG,2.722440,
ZUTCAV,1.824915,
ZUTCEZ,1.325056,
ZUTGOK,4.232034,
ZUTREO,3.217363,
ZUVREQ,3.627278,
CIBGIG,2.333840,
ZUVRIU,3.591220,
ZUVXIZ,1.559864,
ZUWPAI,2.157680,
ZUXMIQ,1.357125,
ZZZAWP10,5.391486,
ZZZAWV10,5.658090,
ZZZBKS01,1.348264,
CICGOK,2.471955,
AGUFEQ,6.002718,
CICJAZ,1.143298,
CICTAJ,3.670993,
CICVAO,2.298619,
CICYOC,1.153029,
CIDDEZ,4.439756,
CIDFIF,0.993020,
CIDPUD,2.080288,
CIDQAK,2.061939,
CIDQEO,2.211691,
CIDTIS,1.391334,
AHAMAX,2.975434,
CIFDAZ,2.269628,
CIFFAY,1.326893,
CIHHAD,2.476889,
CIHVEU,3.523240,
CIJFEG,0.389627,
CIJFIK,0.001188,
CIJGUX,1.709001,
CIJWEX,0.954249,
CIJXUO,2.566412,
CIKSEU,0.451846,
AHAPAA,2.053001,
ABOKIN,3.806022,
CIKSIA,3.467368,
CILBUU,1.087953,
CILBUW,4.030081,
CILHOU,1.082419,
CIMNUH,0.278970,
CIMZON11,0.165513,
CINKOC,1.009125,
CINXUT,1.162097,
CIPHEP,0.000048,
CIPWAA,1.619423,
AHEMOR,1.717959,
CIRHAO,1.262690,
CIRZOS,4.038040,
CISSEF,3.743335,
CISSIJ,2.535535,
CITNUQ,1.236781,
CITPIE01,0.714200,
CITWOR,4.819421,
CITZAI,1.518888,
CIVHOH,3.219724,
CIVMUS,2.965396,
AHIDUS01,3.745385,
CIVSIM,1.942789,
CIWYOZ,5.018109,
CIWZAM,1.556951,
CIXKIG,2.377608,
CIXXOZ,1.167054,
CIZLED,2.297524,
CIZQOS,2.618791,
CIZSOV,3.380957,
CIZVUC,3.514673,
CLPYTZ,2.369424,
AHIXIB,5.927233,
CMANPQ,4.970375,
CMXLCS,4.384300,
COBCUS,2.432760,
COBLAI,2.842113,
COCGUZ,1.791324,
COCHUY,1.933153,
COCLUD,4.602462,
CODCEG,1.588029,
CODDAD,4.223147,
CODHAH,4.078188,
AHIYOI,4.109853,
COFDIM,1.753878,
COFGUZ10,1.982138,
COFHAG10,1.968386,
COFXIF,1.892208,
COGHOX,1.795945,
COGHUC,3.491202,
COGSEZ,2.194606,
COHGUE,1.948417,
COHHUF,1.639579,
COJLIW,3.827681,
AHOMOC,3.548661,
COKZEH,1.974027,
COLDEM,0.000000,
COLFUH,1.595972,
COLNEZ,1.979731,
COLNOJ,2.159545,
COLRON,5.460788,
COLVUX,0.569593,
COLWAE,1.476547,
COLWEI,1.820323,
CONJOF,3.206936,
AHONAP,3.390832,
CONJUK,3.706602,
CONNUP,2.394288,
COPDER,1.453755,
COPDIV,2.172959,
COPFET,2.157677,
COPKIB,1.608458,
COPLAV01,2.459611,
COPLUQ,3.488460,
COPZOZ,4.031817,
COQCOB,2.633946,
AHPSUM,2.584844,
COQSIM,1.840949,
CORWOY,6.448037,
COSFIZ,0.038477,
COSHOH,0.008485,
COSQAF,1.942326,
COTCUJ,2.854121,
COTMUT,1.889773,
COVDIC,2.659448,
COVJEF,2.451970,
COWMOQ,1.710587,
AHUCOV,2.933009,
COWVAL,5.927515,
COWWOD,2.902973,
COXBEW,1.120405,
COXYEV,3.169690,
COXYUL,3.154445,
COYGAA,1.188146,
COYGEE,1.979358,
COYGII,1.706253,
COYGOO,1.570009,
COYHUV,2.894883,
AHUHOB,3.171865,
CPGXMR20,2.194500,
CPXZBC10,4.055492,
CUBBAE,1.465226,
CUBJOZ,1.077649,
CUBMIW,4.287853,
CUBPAQ,0.702730,
CUBQAR,0.230940,
CUCYEH,1.024541,
CUCYUX,1.736505,
CUDDEK,2.673862,
AHUWAC,0.000020,
ABTBTR,1.707212,
CUDPOG,1.751279,
CUGBUC,4.110061,
CUGJOG,1.583863,
CUGPEB,2.972940,
CUHXUA,2.571583,
CUKFIY,6.054603,
CUMBIY,1.108467,
CUMKAX,3.001715,
CUMKUR,2.566471,
CUMLAY,2.575210,
AJANEG,1.080927,
CUMLEC,0.951153,
CUMWIS,2.076922,
CUNKUT,1.616137,
CUNWIS,2.175237,
CUPWUI,1.601802,
CUPXAP,1.995853,
CURGUT,1.814084,
CURKAC,0.840668,
CURKEG,0.000000,
CUSBOK,0.001227,
AJAPUZ,2.399853,
CUSBUQ,0.003781,
CUTMOT,1.532338,
CUTNOU,3.060865,
CUTQAJ,1.947263,
CUTYAR,2.580178,
CUVLOW,1.896865,
CUVMAJ,1.434353,
CUXHEK,1.451859,
CUYJOV,0.000000,
CUYQAO01,2.746441,
AJOJAM,2.151785,
CUZPAP,1.550588,
CXAEZT10,2.128774,
CXMIPA,3.040521,
CYCYPH10,6.229427,
CYMINO02,1.044270,
CYSTEA,2.819243,
CYTIAC,7.430400,
DABBER,4.904706,
DABCEP,2.213398,
DABJUP,3.938706,
AJOZII,0.000000,
DABLID,4.860348,
DABWAH,6.382391,
DABYEL,1.706333,
DACQOR,0.016083,
DACZEN,2.392754,
DADTOU,3.172990,
DADWOX,1.199297,
DAFHAT,0.000000,
DAFPIJ,0.507013,
DAFQAF,2.531249,
AJUDIT,4.129765,
DAHKIJ,1.034086,
DAHKOP,1.070725,
DAHNIM,3.181505,
DAKDAU,2.440150,
DALKAF,1.969863,
DALPEL,2.258587,
DALTOZ,2.867754,
DALVER,3.165641,
DAMNOV,0.997513,
DANZUO,1.622584,
AJUFAN,3.853588,
DAPBAY,1.611319,
DAPCEF,3.808014,
DAPTOE,1.748965,
DARTAS,2.371362,
DASBAB,0.970972,
DATCUZ,0.846309,
DATMAN,0.837347,
DAVHOZ,1.779234,
DAXWEH,1.984238,
DAYVAA,3.707258,
AJUFER,4.021594,
DAYYEJ,2.569177,
DAZDUG,2.806081,
DAZJOF,2.394564,
DCHCBN,2.538304,
DEBZEP,0.970037,
DECCIY,0.000000,
DEFLEG,2.194797,
DEGVOC,1.792505,
DEHYIB,3.798863,
DEJYOH,2.509515,
AJUWEH,2.274531,
DELMUD,3.710661,
DEMXTC10,2.346392,
DENDIJ,0.923065,
DENTIZ,0.000039,
DEPRUM,0.274437,
DEPWON,1.514290,
DEPYIG,1.195922,
DERBEI,2.287005,
DERBIM,1.873484,
DERBOS,0.533803,
AKADIA,4.717438,
DERBUY,1.117049,
DERCAF,2.114909,
DERQUP,2.439902,
DERTID,0.000000,
DERTOJ,0.196428,
DETWUV,4.996065,
DETZOU,2.310400,
DEVWEH,2.656451,
DEVXUX,1.286520,
DEVZUC,5.353078,
AKAGER10,1.789471,
ABUQOF,1.895691,
DEWLID,1.580093,
DEWREC,3.622655,
DEXBUG,1.850127,
DEXCAN,1.462087,
DEXVIM,2.901913,
DEXXEL,2.777820,
DEZMUQ,3.569517,
DEZSOQ,2.014959,
DEZXEO,2.866926,
DEZYIT,2.454561,
AKATEM,2.625634,
DIDHED,2.920827,
DIFXAU,4.471393,
DIFXEW,0.997029,
DIGDIG01,0.868947,
DIGNAJ,3.673681,
DIHYIC,0.000000,
DIJDAC,0.150796,
DIJFEI,0.162603,
DIJFIM,0.167103,
DIJFOS,0.129235,
AKATIQ,3.130122,
DIJFUY,0.136233,
DIJVEZ,2.407224,
DIJZUT,2.630487,
DILCEI,1.758737,
DILNAN,4.405242,
DIMRUO,2.802963,
DIPFIU,6.101496,
DIPFOX10,0.941144,
DIPVOT,1.163471,
DIPWIL,1.869820,
AKATOW,2.909600,
DIPWOR,2.419983,
DIPWUX,2.529526,
DIQDAI,0.000000,
DIQPAX,2.657646,
DIQPIF,2.320396,
DIQSOO,0.569936,
DIQSUU,1.139166,
DIQTAB,1.057745,
DISGIV,2.806186,
DITLAT,3.429081,
AKEQEN,1.746514,
DITMAW,3.631110,
DITSEH,1.953388,
DIVBOC,2.445313,
DIVPAC,1.274318,
DIVWUD,3.385226,
DIWPIJ,3.773322,
DIWSEJ,3.026312,
DIWSEK,2.199325,
DIWWEN,1.502261,
DIWXAI,3.170937,
AKEQIR,1.891163,
DIXNEE,3.859296,
DIXRUA,3.927174,
DIYJAX,1.504034,
DIZROV,2.434894,
DIZXIV,2.672526,
DLMETA01,1.925757,
DMOXAN01,0.000000,
DMTPCP10,0.271514,
DOBZEB,0.000000,
DOCMUE,0.000000,
AKEVAP,5.073580,
DOCNAL,0.000000,
DOCYIF,3.989729,
DOCZEC,2.752450,
DOFPUM,3.829973,
DOGNOF,7.653722,
DOGWEE,2.889951,
DOGYOQ,1.155374,
DOHCEL,2.014631,
DOHCIP,0.006663,
DOHCOV,0.001843,
AKIBON,3.149326,
DOHCUB,1.516156,
DOJXAC,2.729863,
DOKJUK,0.887752,
DOKJUL,1.616960,
DOKKAR,0.973170,
DOKXIM,0.000000,
DOLVIL,2.630742,
DOMNAW,3.673850,
DOMSUT,3.317284,
DONHAS,1.798142,
AKIPUF,1.482756,
DONHOG,1.490142,
DOPJIB,1.286943,
DOPKUR,2.103500,
DOPLAY,1.793563,
DOPLEC,1.842093,
DOPLIG,2.252356,
DOPSAC,0.080185,
DOPTEK,1.886057,
DOPTIO,1.876528,
DOPTOU,3.448978,
AKOBOR,1.336959,
DOQMOM,1.912076,
DOQRIM,0.453836,
DOSTEK,0.564549,
DOTNIJ,0.371308,
DOTSUA,3.894401,
DOTTIP01,3.036367,
DOTTOY,1.695083,
DOVQAJ,2.202071,
DOWCUQ,2.151167,
DOWGOO,2.030244,
AKOBOT,2.450589,
ACAPIE,4.063182,
DOWGUU,1.992537,
DOWHAB,2.823902,
DOWHEF,2.716497,
DOWPAI,3.079766,
DOWPEM,3.092254,
DOWPIQ,3.024306,
DOWPOW,3.547408,
DOWRUD,0.025544,
DOXQIQ,2.217225,
DOXTES,1.986537,
AKOHUF,2.844109,
DOXVUK,3.956562,
DOXXUL,1.672118,
DOYCOJ,0.397507,
DOYJUW,3.102320,
DOYNAJ,1.858307,
DOYNEN,0.799631,
DOYRAL,2.661078,
DOYSAO,0.739182,
DOYSES,3.587890,
DOYSOC,2.630739,
AKOWEE,1.799153,
DOYVUL,2.608685,
DOZBEC,0.250975,
DOZBIG,0.255157,
DOZBOM,0.283910,
DOZBUS,0.244411,
DOZCED,0.276089,
DOZHUV,1.037830,
DOZLAF,2.566021,
DOZLEJ,1.904011,
DOZXAS,2.853763,
AKOYEE,3.496547,
DPCDCO10,2.172424,
DPTBUO,0.886056,
DPTFUL01,0.000000,
DUDDAI,4.396106,
DUDMEU,0.003155,
DUDYUY,6.240135,
DUFLAU,4.033940,
DUHMOI,2.953800,
DUJPUU,1.632413,
DUKFIB,1.058390,
AKUQUU,3.049062,
DUKNIJ,3.559702,
DULHUN,1.154607,
DULYOA,3.102962,
DUMQOT,3.129073,
DUMXOZ,0.000002,
DUPLUV,1.085327,
DUQRIT,3.462184,
DURRUG,1.132877,
DUSCAX,1.502943,
DUTJOT,1.081330,
ALAGLY,1.540997,
DUTLUA,1.905930,
DUTNAI,3.483944,
DUTQEP,3.549624,
DUTQOZ,5.622072,
DUTSES,1.751553,
DUVFIJ10,1.311244,
DUVLOV,0.449889,
DUWFOQ01,0.535356,
DUWNAL,0.030242,
DUWXIC,0.000000,
ALANEH01,0.616058,
DUXVIC,2.785143,
DUXXUR,1.702887,
DUXYAW01,1.294410,
DUYDEH,1.587445,
DUZCOR,2.328679,
EACBUT,0.000737,
EBAYOV,0.180639,
EBEQOS,4.780595,
EBERAF,4.360102,
EBILOT,3.548866,
ALAQEK,1.695122,
EBORIZ,2.864765,
EBUTUQ,10.339248,
EBUWOQ,2.573412,
EBUZUX,4.586829,
ECADUI,1.751651,
ECIQUE,4.177764,
ECIREP,4.555166,
ECUDAK,2.322668,
ECUDEO,2.220157,
ECUHEP,0.031520,
ALAREL,2.253588,
ECUWAA,2.308154,
EDAPOR,2.383582,
EDAPUX,2.477261,
EDAQAE,2.362485,
EDAQIM,2.370497,
EDECUL,2.798872,
EDEKAA,2.284888,
EDEKEE,2.287729,
EDONAP,4.187484,
EDOPEU,2.659140,
ALARIP,2.498844,
EDUGUI,1.260933,
EFACAR,3.534327,
EFAFAU,2.217761,
EFAHEA01,2.518135,
EFAKUT,3.419471,
EFEFOK01,1.381786,
EFERIS,3.594126,
EFIHIK01,2.162805,
EFIRUG,1.987620,
EFODUA,3.203548,
ALAROV,2.160183,
ACEFOG,2.231654,
